ID,A,B,C,D,E,F,G,H,I,J,K,L,M,N,O,P,Q,R,S,T,U,V,W,X,Y,Z,AA,AB,AC,AD,AE,AF,AG,AH,AI,AJ,AK,AL,AM,AN,AO,AP,AQ,AR,AS,AT,AU,AV,AW,AX,AY,AZ,BA,BB,BC,BD,BE,BF,BG,BH,BI,BJ,BK,BL,BM,BN,BO,BP,BQ
1,40.56804683,40.56861238,40.56917794,40.5697435,40.57030905,40.57087461,40.57144017,40.57200572,40.57257128,40.57313684,40.57370239,40.57426795,40.57483351,40.57539906,40.57596462,40.57653017,40.57709573,40.57766129,40.57822684,40.5787924,40.57935796,40.57992351,40.58048907,40.58105463,40.58162018,40.58218574,40.5827513,40.58331685,40.58388241,40.58444797,40.58501352,40.58557908,40.58614464,40.58671019,40.58727575,40.58784131,40.58840686,40.58897242,40.58953797,40.59010353,40.59066909,40.59123464,40.5918002,40.59236576,40.59293131,40.59349687,40.59406243,40.59462798,40.59519354,40.5957591,40.59632465,40.59689021,40.59745577,40.59802132,40.59858688,40.59915244,40.59971799,40.60028355,40.60084911,40.60141466,40.60198022,40.60254577,40.60311133,40.60367689,40.60424244,40.604808,40.60537356,40.60593911,40.60650467
2,40.57074472,40.57131028,40.57187584,40.57244139,40.57300695,40.57357251,40.57413806,40.57470362,40.57526918,40.57583473,40.57640029,40.57696585,40.5775314,40.57809696,40.57866252,40.57922807,40.57979363,40.58035919,40.58092474,40.5814903,40.58205585,40.58262141,40.58318697,40.58375252,40.58431808,40.58488364,40.58544919,40.58601475,40.58658031,40.58714586,40.58771142,40.58827698,40.58884253,40.58940809,40.58997365,40.5905392,40.59110476,40.59167032,40.59223587,40.59280143,40.59336699,40.59393254,40.5944981,40.59506365,40.59562921,40.59619477,40.59676032,40.59732588,40.59789144,40.59845699,40.59902255,40.59958811,40.60015366,40.60071922,40.60128478,40.60185033,40.60241589,40.60298145,40.603547,40.60411256,40.60467812,40.60524367,40.60580923,40.60637479,40.60694034,40.6075059,40.60807145,40.60863701,40.60920257
3,40.57344262,40.57400818,40.57457373,40.57513929,40.57570485,40.5762704,40.57683596,40.57740152,40.57796707,40.57853263,40.57909819,40.57966374,40.5802293,40.58079486,40.58136041,40.58192597,40.58249153,40.58305708,40.58362264,40.5841882,40.58475375,40.58531931,40.58588487,40.58645042,40.58701598,40.58758153,40.58814709,40.58871265,40.5892782,40.58984376,40.59040932,40.59097487,40.59154043,40.59210599,40.59267154,40.5932371,40.59380266,40.59436821,40.59493377,40.59549933,40.59606488,40.59663044,40.597196,40.59776155,40.59832711,40.59889267,40.59945822,40.60002378,40.60058933,40.60115489,40.60172045,40.602286,40.60285156,40.60341712,40.60398267,40.60454823,40.60511379,40.60567934,40.6062449,40.60681046,40.60737601,40.60794157,40.60850713,40.60907268,40.60963824,40.6102038,40.61076935,40.61133491,40.61190047
4,40.57614052,40.57670608,40.57727163,40.57783719,40.57840275,40.5789683,40.57953386,40.58009941,40.58066497,40.58123053,40.58179608,40.58236164,40.5829272,40.58349275,40.58405831,40.58462387,40.58518942,40.58575498,40.58632054,40.58688609,40.58745165,40.58801721,40.58858276,40.58914832,40.58971388,40.59027943,40.59084499,40.59141055,40.5919761,40.59254166,40.59310721,40.59367277,40.59423833,40.59480388,40.59536944,40.595935,40.59650055,40.59706611,40.59763167,40.59819722,40.59876278,40.59932834,40.59989389,40.60045945,40.60102501,40.60159056,40.60215612,40.60272168,40.60328723,40.60385279,40.60441835,40.6049839,40.60554946,40.60611501,40.60668057,40.60724613,40.60781168,40.60837724,40.6089428,40.60950835,40.61007391,40.61063947,40.61120502,40.61177058,40.61233614,40.61290169,40.61346725,40.61403281,40.61459836
5,40.57883842,40.57940397,40.57996953,40.58053509,40.58110064,40.5816662,40.58223176,40.58279731,40.58336287,40.58392843,40.58449398,40.58505954,40.58562509,40.58619065,40.58675621,40.58732176,40.58788732,40.58845288,40.58901843,40.58958399,40.59014955,40.5907151,40.59128066,40.59184622,40.59241177,40.59297733,40.59354289,40.59410844,40.594674,40.59523956,40.59580511,40.59637067,40.59693623,40.59750178,40.59806734,40.59863289,40.59919845,40.59976401,40.60032956,40.60089512,40.60146068,40.60202623,40.60259179,40.60315735,40.6037229,40.60428846,40.60485402,40.60541957,40.60598513,40.60655069,40.60711624,40.6076818,40.60824736,40.60881291,40.60937847,40.60994403,40.61050958,40.61107514,40.61164069,40.61220625,40.61277181,40.61333736,40.61390292,40.61446848,40.61503403,40.61559959,40.61616515,40.6167307,40.61729626
6,40.58153631,40.58210187,40.58266743,40.58323298,40.58379854,40.5843641,40.58492965,40.58549521,40.58606077,40.58662632,40.58719188,40.58775744,40.58832299,40.58888855,40.58945411,40.59001966,40.59058522,40.59115077,40.59171633,40.59228189,40.59284744,40.593413,40.59397856,40.59454411,40.59510967,40.59567523,40.59624078,40.59680634,40.5973719,40.59793745,40.59850301,40.59906857,40.59963412,40.60019968,40.60076524,40.60133079,40.60189635,40.60246191,40.60302746,40.60359302,40.60415857,40.60472413,40.60528969,40.60585524,40.6064208,40.60698636,40.60755191,40.60811747,40.60868303,40.60924858,40.60981414,40.6103797,40.61094525,40.61151081,40.61207637,40.61264192,40.61320748,40.61377304,40.61433859,40.61490415,40.61546971,40.61603526,40.61660082,40.61716637,40.61773193,40.61829749,40.61886304,40.6194286,40.61999416
7,40.58423421,40.58479977,40.58536532,40.58593088,40.58649644,40.58706199,40.58762755,40.58819311,40.58875866,40.58932422,40.58988978,40.59045533,40.59102089,40.59158645,40.592152,40.59271756,40.59328312,40.59384867,40.59441423,40.59497979,40.59554534,40.5961109,40.59667645,40.59724201,40.59780757,40.59837312,40.59893868,40.59950424,40.60006979,40.60063535,40.60120091,40.60176646,40.60233202,40.60289758,40.60346313,40.60402869,40.60459425,40.6051598,40.60572536,40.60629092,40.60685647,40.60742203,40.60798759,40.60855314,40.6091187,40.60968425,40.61024981,40.61081537,40.61138092,40.61194648,40.61251204,40.61307759,40.61364315,40.61420871,40.61477426,40.61533982,40.61590538,40.61647093,40.61703649,40.61760205,40.6181676,40.61873316,40.61929872,40.61986427,40.62042983,40.62099539,40.62156094,40.6221265,40.62269205
8,40.58693211,40.58749767,40.58806322,40.58862878,40.58919433,40.58975989,40.59032545,40.590891,40.59145656,40.59202212,40.59258767,40.59315323,40.59371879,40.59428434,40.5948499,40.59541546,40.59598101,40.59654657,40.59711213,40.59767768,40.59824324,40.5988088,40.59937435,40.59993991,40.60050547,40.60107102,40.60163658,40.60220213,40.60276769,40.60333325,40.6038988,40.60446436,40.60502992,40.60559547,40.60616103,40.60672659,40.60729214,40.6078577,40.60842326,40.60898881,40.60955437,40.61011993,40.61068548,40.61125104,40.6118166,40.61238215,40.61294771,40.61351327,40.61407882,40.61464438,40.61520993,40.61577549,40.61634105,40.6169066,40.61747216,40.61803772,40.61860327,40.61916883,40.61973439,40.62029994,40.6208655,40.62143106,40.62199661,40.62256217,40.62312773,40.62369328,40.62425884,40.6248244,40.62538995
9,40.58963001,40.59019556,40.59076112,40.59132668,40.59189223,40.59245779,40.59302335,40.5935889,40.59415446,40.59472001,40.59528557,40.59585113,40.59641668,40.59698224,40.5975478,40.59811335,40.59867891,40.59924447,40.59981002,40.60037558,40.60094114,40.60150669,40.60207225,40.60263781,40.60320336,40.60376892,40.60433448,40.60490003,40.60546559,40.60603115,40.6065967,40.60716226,40.60772781,40.60829337,40.60885893,40.60942448,40.60999004,40.6105556,40.61112115,40.61168671,40.61225227,40.61281782,40.61338338,40.61394894,40.61451449,40.61508005,40.61564561,40.61621116,40.61677672,40.61734228,40.61790783,40.61847339,40.61903895,40.6196045,40.62017006,40.62073561,40.62130117,40.62186673,40.62243228,40.62299784,40.6235634,40.62412895,40.62469451,40.62526007,40.62582562,40.62639118,40.62695674,40.62752229,40.62808785
10,40.5923279,40.59289346,40.59345902,40.59402457,40.59459013,40.59515569,40.59572124,40.5962868,40.59685236,40.59741791,40.59798347,40.59854903,40.59911458,40.59968014,40.60024569,40.60081125,40.60137681,40.60194236,40.60250792,40.60307348,40.60363903,40.60420459,40.60477015,40.6053357,40.60590126,40.60646682,40.60703237,40.60759793,40.60816349,40.60872904,40.6092946,40.60986016,40.61042571,40.61099127,40.61155683,40.61212238,40.61268794,40.61325349,40.61381905,40.61438461,40.61495016,40.61551572,40.61608128,40.61664683,40.61721239,40.61777795,40.6183435,40.61890906,40.61947462,40.62004017,40.62060573,40.62117129,40.62173684,40.6223024,40.62286796,40.62343351,40.62399907,40.62456463,40.62513018,40.62569574,40.62626129,40.62682685,40.62739241,40.62795796,40.62852352,40.62908908,40.62965463,40.63022019,40.63078575
11,40.5950258,40.59559136,40.59615691,40.59672247,40.59728803,40.59785358,40.59841914,40.5989847,40.59955025,40.60011581,40.60068137,40.60124692,40.60181248,40.60237804,40.60294359,40.60350915,40.6040747,40.60464026,40.60520582,40.60577137,40.60633693,40.60690249,40.60746804,40.6080336,40.60859916,40.60916471,40.60973027,40.61029583,40.61086138,40.61142694,40.6119925,40.61255805,40.61312361,40.61368917,40.61425472,40.61482028,40.61538584,40.61595139,40.61651695,40.6170825,40.61764806,40.61821362,40.61877917,40.61934473,40.61991029,40.62047584,40.6210414,40.62160696,40.62217251,40.62273807,40.62330363,40.62386918,40.62443474,40.6250003,40.62556585,40.62613141,40.62669697,40.62726252,40.62782808,40.62839364,40.62895919,40.62952475,40.6300903,40.63065586,40.63122142,40.63178697,40.63235253,40.63291809,40.63348364
12,40.5977237,40.59828925,40.59885481,40.59942037,40.59998592,40.60055148,40.60111704,40.60168259,40.60224815,40.60281371,40.60337926,40.60394482,40.60451038,40.60507593,40.60564149,40.60620705,40.6067726,40.60733816,40.60790372,40.60846927,40.60903483,40.60960038,40.61016594,40.6107315,40.61129705,40.61186261,40.61242817,40.61299372,40.61355928,40.61412484,40.61469039,40.61525595,40.61582151,40.61638706,40.61695262,40.61751818,40.61808373,40.61864929,40.61921485,40.6197804,40.62034596,40.62091152,40.62147707,40.62204263,40.62260818,40.62317374,40.6237393,40.62430485,40.62487041,40.62543597,40.62600152,40.62656708,40.62713264,40.62769819,40.62826375,40.62882931,40.62939486,40.62996042,40.63052598,40.63109153,40.63165709,40.63222265,40.6327882,40.63335376,40.63391932,40.63448487,40.63505043,40.63561598,40.63618154
13,40.6004216,40.60098715,40.60155271,40.60211826,40.60268382,40.60324938,40.60381493,40.60438049,40.60494605,40.6055116,40.60607716,40.60664272,40.60720827,40.60777383,40.60833939,40.60890494,40.6094705,40.61003606,40.61060161,40.61116717,40.61173273,40.61229828,40.61286384,40.6134294,40.61399495,40.61456051,40.61512606,40.61569162,40.61625718,40.61682273,40.61738829,40.61795385,40.6185194,40.61908496,40.61965052,40.62021607,40.62078163,40.62134719,40.62191274,40.6224783,40.62304386,40.62360941,40.62417497,40.62474053,40.62530608,40.62587164,40.6264372,40.62700275,40.62756831,40.62813386,40.62869942,40.62926498,40.62983053,40.63039609,40.63096165,40.6315272,40.63209276,40.63265832,40.63322387,40.63378943,40.63435499,40.63492054,40.6354861,40.63605166,40.63661721,40.63718277,40.63774833,40.63831388,40.63887944
14,40.60311949,40.60368505,40.60425061,40.60481616,40.60538172,40.60594728,40.60651283,40.60707839,40.60764394,40.6082095,40.60877506,40.60934061,40.60990617,40.61047173,40.61103728,40.61160284,40.6121684,40.61273395,40.61329951,40.61386507,40.61443062,40.61499618,40.61556174,40.61612729,40.61669285,40.61725841,40.61782396,40.61838952,40.61895508,40.61952063,40.62008619,40.62065174,40.6212173,40.62178286,40.62234841,40.62291397,40.62347953,40.62404508,40.62461064,40.6251762,40.62574175,40.62630731,40.62687287,40.62743842,40.62800398,40.62856954,40.62913509,40.62970065,40.63026621,40.63083176,40.63139732,40.63196288,40.63252843,40.63309399,40.63365954,40.6342251,40.63479066,40.63535621,40.63592177,40.63648733,40.63705288,40.63761844,40.638184,40.63874955,40.63931511,40.63988067,40.64044622,40.64101178,40.64157734
15,40.60581739,40.60638295,40.6069485,40.60751406,40.60807962,40.60864517,40.60921073,40.60977629,40.61034184,40.6109074,40.61147296,40.61203851,40.61260407,40.61316962,40.61373518,40.61430074,40.61486629,40.61543185,40.61599741,40.61656296,40.61712852,40.61769408,40.61825963,40.61882519,40.61939075,40.6199563,40.62052186,40.62108742,40.62165297,40.62221853,40.62278409,40.62334964,40.6239152,40.62448076,40.62504631,40.62561187,40.62617742,40.62674298,40.62730854,40.62787409,40.62843965,40.62900521,40.62957076,40.63013632,40.63070188,40.63126743,40.63183299,40.63239855,40.6329641,40.63352966,40.63409522,40.63466077,40.63522633,40.63579189,40.63635744,40.636923,40.63748856,40.63805411,40.63861967,40.63918522,40.63975078,40.64031634,40.64088189,40.64144745,40.64201301,40.64257856,40.64314412,40.64370968,40.64427523
16,40.60851529,40.60908084,40.6096464,40.61021196,40.61077751,40.61134307,40.61190863,40.61247418,40.61303974,40.6136053,40.61417085,40.61473641,40.61530197,40.61586752,40.61643308,40.61699864,40.61756419,40.61812975,40.6186953,40.61926086,40.61982642,40.62039197,40.62095753,40.62152309,40.62208864,40.6226542,40.62321976,40.62378531,40.62435087,40.62491643,40.62548198,40.62604754,40.6266131,40.62717865,40.62774421,40.62830977,40.62887532,40.62944088,40.63000644,40.63057199,40.63113755,40.6317031,40.63226866,40.63283422,40.63339977,40.63396533,40.63453089,40.63509644,40.635662,40.63622756,40.63679311,40.63735867,40.63792423,40.63848978,40.63905534,40.6396209,40.64018645,40.64075201,40.64131757,40.64188312,40.64244868,40.64301424,40.64357979,40.64414535,40.6447109,40.64527646,40.64584202,40.64640757,40.64697313
17,40.61121318,40.61177874,40.6123443,40.61290985,40.61347541,40.61404097,40.61460652,40.61517208,40.61573764,40.61630319,40.61686875,40.61743431,40.61799986,40.61856542,40.61913098,40.61969653,40.62026209,40.62082765,40.6213932,40.62195876,40.62252432,40.62308987,40.62365543,40.62422098,40.62478654,40.6253521,40.62591765,40.62648321,40.62704877,40.62761432,40.62817988,40.62874544,40.62931099,40.62987655,40.63044211,40.63100766,40.63157322,40.63213878,40.63270433,40.63326989,40.63383545,40.634401,40.63496656,40.63553212,40.63609767,40.63666323,40.63722878,40.63779434,40.6383599,40.63892545,40.63949101,40.64005657,40.64062212,40.64118768,40.64175324,40.64231879,40.64288435,40.64344991,40.64401546,40.64458102,40.64514658,40.64571213,40.64627769,40.64684325,40.6474088,40.64797436,40.64853992,40.64910547,40.64967103
18,40.61391108,40.61447664,40.6150422,40.61560775,40.61617331,40.61673886,40.61730442,40.61786998,40.61843553,40.61900109,40.61956665,40.6201322,40.62069776,40.62126332,40.62182887,40.62239443,40.62295999,40.62352554,40.6240911,40.62465666,40.62522221,40.62578777,40.62635333,40.62691888,40.62748444,40.62805,40.62861555,40.62918111,40.62974666,40.63031222,40.63087778,40.63144333,40.63200889,40.63257445,40.63314,40.63370556,40.63427112,40.63483667,40.63540223,40.63596779,40.63653334,40.6370989,40.63766446,40.63823001,40.63879557,40.63936113,40.63992668,40.64049224,40.6410578,40.64162335,40.64218891,40.64275446,40.64332002,40.64388558,40.64445113,40.64501669,40.64558225,40.6461478,40.64671336,40.64727892,40.64784447,40.64841003,40.64897559,40.64954114,40.6501067,40.65067226,40.65123781,40.65180337,40.65236893
19,40.61660898,40.61717454,40.61774009,40.61830565,40.61887121,40.61943676,40.62000232,40.62056788,40.62113343,40.62169899,40.62226454,40.6228301,40.62339566,40.62396121,40.62452677,40.62509233,40.62565788,40.62622344,40.626789,40.62735455,40.62792011,40.62848567,40.62905122,40.62961678,40.63018234,40.63074789,40.63131345,40.63187901,40.63244456,40.63301012,40.63357568,40.63414123,40.63470679,40.63527234,40.6358379,40.63640346,40.63696901,40.63753457,40.63810013,40.63866568,40.63923124,40.6397968,40.64036235,40.64092791,40.64149347,40.64205902,40.64262458,40.64319014,40.64375569,40.64432125,40.64488681,40.64545236,40.64601792,40.64658348,40.64714903,40.64771459,40.64828014,40.6488457,40.64941126,40.64997681,40.65054237,40.65110793,40.65167348,40.65223904,40.6528046,40.65337015,40.65393571,40.65450127,40.65506682
20,40.61930688,40.61987243,40.62043799,40.62100355,40.6215691,40.62213466,40.62270022,40.62326577,40.62383133,40.62439689,40.62496244,40.625528,40.62609356,40.62665911,40.62722467,40.62779022,40.62835578,40.62892134,40.62948689,40.63005245,40.63061801,40.63118356,40.63174912,40.63231468,40.63288023,40.63344579,40.63401135,40.6345769,40.63514246,40.63570802,40.63627357,40.63683913,40.63740469,40.63797024,40.6385358,40.63910136,40.63966691,40.64023247,40.64079802,40.64136358,40.64192914,40.64249469,40.64306025,40.64362581,40.64419136,40.64475692,40.64532248,40.64588803,40.64645359,40.64701915,40.6475847,40.64815026,40.64871582,40.64928137,40.64984693,40.65041249,40.65097804,40.6515436,40.65210916,40.65267471,40.65324027,40.65380582,40.65437138,40.65493694,40.65550249,40.65606805,40.65663361,40.65719916,40.65776472
21,40.62200477,40.62257033,40.62313589,40.62370144,40.624267,40.62483256,40.62539811,40.62596367,40.62652923,40.62709478,40.62766034,40.6282259,40.62879145,40.62935701,40.62992257,40.63048812,40.63105368,40.63161924,40.63218479,40.63275035,40.6333159,40.63388146,40.63444702,40.63501257,40.63557813,40.63614369,40.63670924,40.6372748,40.63784036,40.63840591,40.63897147,40.63953703,40.64010258,40.64066814,40.6412337,40.64179925,40.64236481,40.64293037,40.64349592,40.64406148,40.64462704,40.64519259,40.64575815,40.6463237,40.64688926,40.64745482,40.64802037,40.64858593,40.64915149,40.64971704,40.6502826,40.65084816,40.65141371,40.65197927,40.65254483,40.65311038,40.65367594,40.6542415,40.65480705,40.65537261,40.65593817,40.65650372,40.65706928,40.65763484,40.65820039,40.65876595,40.6593315,40.65989706,40.66046262
22,40.62470267,40.62526823,40.62583378,40.62639934,40.6269649,40.62753045,40.62809601,40.62866157,40.62922712,40.62979268,40.63035824,40.63092379,40.63148935,40.63205491,40.63262046,40.63318602,40.63375158,40.63431713,40.63488269,40.63544825,40.6360138,40.63657936,40.63714492,40.63771047,40.63827603,40.63884158,40.63940714,40.6399727,40.64053825,40.64110381,40.64166937,40.64223492,40.64280048,40.64336604,40.64393159,40.64449715,40.64506271,40.64562826,40.64619382,40.64675938,40.64732493,40.64789049,40.64845605,40.6490216,40.64958716,40.65015272,40.65071827,40.65128383,40.65184938,40.65241494,40.6529805,40.65354605,40.65411161,40.65467717,40.65524272,40.65580828,40.65637384,40.65693939,40.65750495,40.65807051,40.65863606,40.65920162,40.65976718,40.66033273,40.66089829,40.66146385,40.6620294,40.66259496,40.66316052
23,40.62740057,40.62796613,40.62853168,40.62909724,40.6296628,40.63022835,40.63079391,40.63135946,40.63192502,40.63249058,40.63305613,40.63362169,40.63418725,40.6347528,40.63531836,40.63588392,40.63644947,40.63701503,40.63758059,40.63814614,40.6387117,40.63927726,40.63984281,40.64040837,40.64097393,40.64153948,40.64210504,40.6426706,40.64323615,40.64380171,40.64436726,40.64493282,40.64549838,40.64606393,40.64662949,40.64719505,40.6477606,40.64832616,40.64889172,40.64945727,40.65002283,40.65058839,40.65115394,40.6517195,40.65228506,40.65285061,40.65341617,40.65398173,40.65454728,40.65511284,40.6556784,40.65624395,40.65680951,40.65737506,40.65794062,40.65850618,40.65907173,40.65963729,40.66020285,40.6607684,40.66133396,40.66189952,40.66246507,40.66303063,40.66359619,40.66416174,40.6647273,40.66529286,40.66585841
24,40.63009847,40.63066402,40.63122958,40.63179514,40.63236069,40.63292625,40.63349181,40.63405736,40.63462292,40.63518848,40.63575403,40.63631959,40.63688514,40.6374507,40.63801626,40.63858181,40.63914737,40.63971293,40.64027848,40.64084404,40.6414096,40.64197515,40.64254071,40.64310627,40.64367182,40.64423738,40.64480294,40.64536849,40.64593405,40.64649961,40.64706516,40.64763072,40.64819628,40.64876183,40.64932739,40.64989294,40.6504585,40.65102406,40.65158961,40.65215517,40.65272073,40.65328628,40.65385184,40.6544174,40.65498295,40.65554851,40.65611407,40.65667962,40.65724518,40.65781074,40.65837629,40.65894185,40.65950741,40.66007296,40.66063852,40.66120408,40.66176963,40.66233519,40.66290074,40.6634663,40.66403186,40.66459741,40.66516297,40.66572853,40.66629408,40.66685964,40.6674252,40.66799075,40.66855631
25,40.63279636,40.63336192,40.63392748,40.63449303,40.63505859,40.63562415,40.6361897,40.63675526,40.63732082,40.63788637,40.63845193,40.63901749,40.63958304,40.6401486,40.64071416,40.64127971,40.64184527,40.64241082,40.64297638,40.64354194,40.64410749,40.64467305,40.64523861,40.64580416,40.64636972,40.64693528,40.64750083,40.64806639,40.64863195,40.6491975,40.64976306,40.65032862,40.65089417,40.65145973,40.65202529,40.65259084,40.6531564,40.65372196,40.65428751,40.65485307,40.65541862,40.65598418,40.65654974,40.65711529,40.65768085,40.65824641,40.65881196,40.65937752,40.65994308,40.66050863,40.66107419,40.66163975,40.6622053,40.66277086,40.66333642,40.66390197,40.66446753,40.66503309,40.66559864,40.6661642,40.66672976,40.66729531,40.66786087,40.66842642,40.66899198,40.66955754,40.67012309,40.67068865,40.67125421
26,40.63549426,40.63605982,40.63662537,40.63719093,40.63775649,40.63832204,40.6388876,40.63945316,40.64001871,40.64058427,40.64114983,40.64171538,40.64228094,40.6428465,40.64341205,40.64397761,40.64454317,40.64510872,40.64567428,40.64623984,40.64680539,40.64737095,40.6479365,40.64850206,40.64906762,40.64963317,40.65019873,40.65076429,40.65132984,40.6518954,40.65246096,40.65302651,40.65359207,40.65415763,40.65472318,40.65528874,40.6558543,40.65641985,40.65698541,40.65755097,40.65811652,40.65868208,40.65924764,40.65981319,40.66037875,40.6609443,40.66150986,40.66207542,40.66264097,40.66320653,40.66377209,40.66433764,40.6649032,40.66546876,40.66603431,40.66659987,40.66716543,40.66773098,40.66829654,40.6688621,40.66942765,40.66999321,40.67055877,40.67112432,40.67168988,40.67225544,40.67282099,40.67338655,40.6739521
27,40.63819216,40.63875772,40.63932327,40.63988883,40.64045438,40.64101994,40.6415855,40.64215105,40.64271661,40.64328217,40.64384772,40.64441328,40.64497884,40.64554439,40.64610995,40.64667551,40.64724106,40.64780662,40.64837218,40.64893773,40.64950329,40.65006885,40.6506344,40.65119996,40.65176552,40.65233107,40.65289663,40.65346218,40.65402774,40.6545933,40.65515885,40.65572441,40.65628997,40.65685552,40.65742108,40.65798664,40.65855219,40.65911775,40.65968331,40.66024886,40.66081442,40.66137998,40.66194553,40.66251109,40.66307665,40.6636422,40.66420776,40.66477332,40.66533887,40.66590443,40.66646998,40.66703554,40.6676011,40.66816665,40.66873221,40.66929777,40.66986332,40.67042888,40.67099444,40.67155999,40.67212555,40.67269111,40.67325666,40.67382222,40.67438778,40.67495333,40.67551889,40.67608445,40.67665
28,40.64089006,40.64145561,40.64202117,40.64258673,40.64315228,40.64371784,40.6442834,40.64484895,40.64541451,40.64598006,40.64654562,40.64711118,40.64767673,40.64824229,40.64880785,40.6493734,40.64993896,40.65050452,40.65107007,40.65163563,40.65220119,40.65276674,40.6533323,40.65389786,40.65446341,40.65502897,40.65559453,40.65616008,40.65672564,40.6572912,40.65785675,40.65842231,40.65898786,40.65955342,40.66011898,40.66068453,40.66125009,40.66181565,40.6623812,40.66294676,40.66351232,40.66407787,40.66464343,40.66520899,40.66577454,40.6663401,40.66690566,40.66747121,40.66803677,40.66860233,40.66916788,40.66973344,40.670299,40.67086455,40.67143011,40.67199566,40.67256122,40.67312678,40.67369233,40.67425789,40.67482345,40.675389,40.67595456,40.67652012,40.67708567,40.67765123,40.67821679,40.67878234,40.6793479
29,40.64358795,40.64415351,40.64471907,40.64528462,40.64585018,40.64641574,40.64698129,40.64754685,40.64811241,40.64867796,40.64924352,40.64980908,40.65037463,40.65094019,40.65150574,40.6520713,40.65263686,40.65320241,40.65376797,40.65433353,40.65489908,40.65546464,40.6560302,40.65659575,40.65716131,40.65772687,40.65829242,40.65885798,40.65942354,40.65998909,40.66055465,40.66112021,40.66168576,40.66225132,40.66281688,40.66338243,40.66394799,40.66451354,40.6650791,40.66564466,40.66621021,40.66677577,40.66734133,40.66790688,40.66847244,40.669038,40.66960355,40.67016911,40.67073467,40.67130022,40.67186578,40.67243134,40.67299689,40.67356245,40.67412801,40.67469356,40.67525912,40.67582468,40.67639023,40.67695579,40.67752134,40.6780869,40.67865246,40.67921801,40.67978357,40.68034913,40.68091468,40.68148024,40.6820458
30,40.64628585,40.64685141,40.64741696,40.64798252,40.64854808,40.64911363,40.64967919,40.65024475,40.6508103,40.65137586,40.65194142,40.65250697,40.65307253,40.65363809,40.65420364,40.6547692,40.65533475,40.65590031,40.65646587,40.65703142,40.65759698,40.65816254,40.65872809,40.65929365,40.65985921,40.66042476,40.66099032,40.66155588,40.66212143,40.66268699,40.66325255,40.6638181,40.66438366,40.66494922,40.66551477,40.66608033,40.66664589,40.66721144,40.667777,40.66834255,40.66890811,40.66947367,40.67003922,40.67060478,40.67117034,40.67173589,40.67230145,40.67286701,40.67343256,40.67399812,40.67456368,40.67512923,40.67569479,40.67626035,40.6768259,40.67739146,40.67795702,40.67852257,40.67908813,40.67965369,40.68021924,40.6807848,40.68135035,40.68191591,40.68248147,40.68304702,40.68361258,40.68417814,40.68474369
31,40.64898375,40.6495493,40.65011486,40.65068042,40.65124597,40.65181153,40.65237709,40.65294264,40.6535082,40.65407376,40.65463931,40.65520487,40.65577043,40.65633598,40.65690154,40.6574671,40.65803265,40.65859821,40.65916377,40.65972932,40.66029488,40.66086043,40.66142599,40.66199155,40.6625571,40.66312266,40.66368822,40.66425377,40.66481933,40.66538489,40.66595044,40.666516,40.66708156,40.66764711,40.66821267,40.66877823,40.66934378,40.66990934,40.6704749,40.67104045,40.67160601,40.67217157,40.67273712,40.67330268,40.67386823,40.67443379,40.67499935,40.6755649,40.67613046,40.67669602,40.67726157,40.67782713,40.67839269,40.67895824,40.6795238,40.68008936,40.68065491,40.68122047,40.68178603,40.68235158,40.68291714,40.6834827,40.68404825,40.68461381,40.68517937,40.68574492,40.68631048,40.68687603,40.68744159
32,40.65168165,40.6522472,40.65281276,40.65337831,40.65394387,40.65450943,40.65507498,40.65564054,40.6562061,40.65677165,40.65733721,40.65790277,40.65846832,40.65903388,40.65959944,40.66016499,40.66073055,40.66129611,40.66186166,40.66242722,40.66299278,40.66355833,40.66412389,40.66468945,40.665255,40.66582056,40.66638611,40.66695167,40.66751723,40.66808278,40.66864834,40.6692139,40.66977945,40.67034501,40.67091057,40.67147612,40.67204168,40.67260724,40.67317279,40.67373835,40.67430391,40.67486946,40.67543502,40.67600058,40.67656613,40.67713169,40.67769725,40.6782628,40.67882836,40.67939391,40.67995947,40.68052503,40.68109058,40.68165614,40.6822217,40.68278725,40.68335281,40.68391837,40.68448392,40.68504948,40.68561504,40.68618059,40.68674615,40.68731171,40.68787726,40.68844282,40.68900838,40.68957393,40.69013949
33,40.65437954,40.6549451,40.65551066,40.65607621,40.65664177,40.65720733,40.65777288,40.65833844,40.65890399,40.65946955,40.66003511,40.66060066,40.66116622,40.66173178,40.66229733,40.66286289,40.66342845,40.663994,40.66455956,40.66512512,40.66569067,40.66625623,40.66682179,40.66738734,40.6679529,40.66851846,40.66908401,40.66964957,40.67021513,40.67078068,40.67134624,40.67191179,40.67247735,40.67304291,40.67360846,40.67417402,40.67473958,40.67530513,40.67587069,40.67643625,40.6770018,40.67756736,40.67813292,40.67869847,40.67926403,40.67982959,40.68039514,40.6809607,40.68152626,40.68209181,40.68265737,40.68322293,40.68378848,40.68435404,40.68491959,40.68548515,40.68605071,40.68661626,40.68718182,40.68774738,40.68831293,40.68887849,40.68944405,40.6900096,40.69057516,40.69114072,40.69170627,40.69227183,40.69283739
34,40.65707744,40.657643,40.65820855,40.65877411,40.65933967,40.65990522,40.66047078,40.66103634,40.66160189,40.66216745,40.66273301,40.66329856,40.66386412,40.66442967,40.66499523,40.66556079,40.66612634,40.6666919,40.66725746,40.66782301,40.66838857,40.66895413,40.66951968,40.67008524,40.6706508,40.67121635,40.67178191,40.67234747,40.67291302,40.67347858,40.67404414,40.67460969,40.67517525,40.67574081,40.67630636,40.67687192,40.67743747,40.67800303,40.67856859,40.67913414,40.6796997,40.68026526,40.68083081,40.68139637,40.68196193,40.68252748,40.68309304,40.6836586,40.68422415,40.68478971,40.68535527,40.68592082,40.68648638,40.68705194,40.68761749,40.68818305,40.68874861,40.68931416,40.68987972,40.69044527,40.69101083,40.69157639,40.69214194,40.6927075,40.69327306,40.69383861,40.69440417,40.69496973,40.69553528
35,40.65977534,40.66034089,40.66090645,40.66147201,40.66203756,40.66260312,40.66316868,40.66373423,40.66429979,40.66486535,40.6654309,40.66599646,40.66656202,40.66712757,40.66769313,40.66825869,40.66882424,40.6693898,40.66995535,40.67052091,40.67108647,40.67165202,40.67221758,40.67278314,40.67334869,40.67391425,40.67447981,40.67504536,40.67561092,40.67617648,40.67674203,40.67730759,40.67787315,40.6784387,40.67900426,40.67956982,40.68013537,40.68070093,40.68126649,40.68183204,40.6823976,40.68296315,40.68352871,40.68409427,40.68465982,40.68522538,40.68579094,40.68635649,40.68692205,40.68748761,40.68805316,40.68861872,40.68918428,40.68974983,40.69031539,40.69088095,40.6914465,40.69201206,40.69257762,40.69314317,40.69370873,40.69427429,40.69483984,40.6954054,40.69597095,40.69653651,40.69710207,40.69766762,40.69823318
36,40.66247323,40.66303879,40.66360435,40.6641699,40.66473546,40.66530102,40.66586657,40.66643213,40.66699769,40.66756324,40.6681288,40.66869436,40.66925991,40.66982547,40.67039103,40.67095658,40.67152214,40.6720877,40.67265325,40.67321881,40.67378437,40.67434992,40.67491548,40.67548103,40.67604659,40.67661215,40.6771777,40.67774326,40.67830882,40.67887437,40.67943993,40.68000549,40.68057104,40.6811366,40.68170216,40.68226771,40.68283327,40.68339883,40.68396438,40.68452994,40.6850955,40.68566105,40.68622661,40.68679217,40.68735772,40.68792328,40.68848883,40.68905439,40.68961995,40.6901855,40.69075106,40.69131662,40.69188217,40.69244773,40.69301329,40.69357884,40.6941444,40.69470996,40.69527551,40.69584107,40.69640663,40.69697218,40.69753774,40.6981033,40.69866885,40.69923441,40.69979997,40.70036552,40.70093108
37,40.66517113,40.66573669,40.66630225,40.6668678,40.66743336,40.66799891,40.66856447,40.66913003,40.66969558,40.67026114,40.6708267,40.67139225,40.67195781,40.67252337,40.67308892,40.67365448,40.67422004,40.67478559,40.67535115,40.67591671,40.67648226,40.67704782,40.67761338,40.67817893,40.67874449,40.67931005,40.6798756,40.68044116,40.68100671,40.68157227,40.68213783,40.68270338,40.68326894,40.6838345,40.68440005,40.68496561,40.68553117,40.68609672,40.68666228,40.68722784,40.68779339,40.68835895,40.68892451,40.68949006,40.69005562,40.69062118,40.69118673,40.69175229,40.69231785,40.6928834,40.69344896,40.69401451,40.69458007,40.69514563,40.69571118,40.69627674,40.6968423,40.69740785,40.69797341,40.69853897,40.69910452,40.69967008,40.70023564,40.70080119,40.70136675,40.70193231,40.70249786,40.70306342,40.70362898
38,40.66786903,40.66843459,40.66900014,40.6695657,40.67013126,40.67069681,40.67126237,40.67182793,40.67239348,40.67295904,40.67352459,40.67409015,40.67465571,40.67522126,40.67578682,40.67635238,40.67691793,40.67748349,40.67804905,40.6786146,40.67918016,40.67974572,40.68031127,40.68087683,40.68144239,40.68200794,40.6825735,40.68313906,40.68370461,40.68427017,40.68483573,40.68540128,40.68596684,40.68653239,40.68709795,40.68766351,40.68822906,40.68879462,40.68936018,40.68992573,40.69049129,40.69105685,40.6916224,40.69218796,40.69275352,40.69331907,40.69388463,40.69445019,40.69501574,40.6955813,40.69614686,40.69671241,40.69727797,40.69784353,40.69840908,40.69897464,40.69954019,40.70010575,40.70067131,40.70123686,40.70180242,40.70236798,40.70293353,40.70349909,40.70406465,40.7046302,40.70519576,40.70576132,40.70632687
39,40.67056693,40.67113248,40.67169804,40.6722636,40.67282915,40.67339471,40.67396027,40.67452582,40.67509138,40.67565694,40.67622249,40.67678805,40.67735361,40.67791916,40.67848472,40.67905027,40.67961583,40.68018139,40.68074694,40.6813125,40.68187806,40.68244361,40.68300917,40.68357473,40.68414028,40.68470584,40.6852714,40.68583695,40.68640251,40.68696807,40.68753362,40.68809918,40.68866474,40.68923029,40.68979585,40.69036141,40.69092696,40.69149252,40.69205807,40.69262363,40.69318919,40.69375474,40.6943203,40.69488586,40.69545141,40.69601697,40.69658253,40.69714808,40.69771364,40.6982792,40.69884475,40.69941031,40.69997587,40.70054142,40.70110698,40.70167254,40.70223809,40.70280365,40.70336921,40.70393476,40.70450032,40.70506587,40.70563143,40.70619699,40.70676254,40.7073281,40.70789366,40.70845921,40.70902477
40,40.67326482,40.67383038,40.67439594,40.67496149,40.67552705,40.67609261,40.67665816,40.67722372,40.67778928,40.67835483,40.67892039,40.67948595,40.6800515,40.68061706,40.68118262,40.68174817,40.68231373,40.68287929,40.68344484,40.6840104,40.68457595,40.68514151,40.68570707,40.68627262,40.68683818,40.68740374,40.68796929,40.68853485,40.68910041,40.68966596,40.69023152,40.69079708,40.69136263,40.69192819,40.69249375,40.6930593,40.69362486,40.69419042,40.69475597,40.69532153,40.69588709,40.69645264,40.6970182,40.69758375,40.69814931,40.69871487,40.69928042,40.69984598,40.70041154,40.70097709,40.70154265,40.70210821,40.70267376,40.70323932,40.70380488,40.70437043,40.70493599,40.70550155,40.7060671,40.70663266,40.70719822,40.70776377,40.70832933,40.70889489,40.70946044,40.710026,40.71059155,40.71115711,40.71172267
41,40.67596272,40.67652828,40.67709383,40.67765939,40.67822495,40.6787905,40.67935606,40.67992162,40.68048717,40.68105273,40.68161829,40.68218384,40.6827494,40.68331496,40.68388051,40.68444607,40.68501163,40.68557718,40.68614274,40.6867083,40.68727385,40.68783941,40.68840497,40.68897052,40.68953608,40.69010163,40.69066719,40.69123275,40.6917983,40.69236386,40.69292942,40.69349497,40.69406053,40.69462609,40.69519164,40.6957572,40.69632276,40.69688831,40.69745387,40.69801943,40.69858498,40.69915054,40.6997161,40.70028165,40.70084721,40.70141277,40.70197832,40.70254388,40.70310943,40.70367499,40.70424055,40.7048061,40.70537166,40.70593722,40.70650277,40.70706833,40.70763389,40.70819944,40.708765,40.70933056,40.70989611,40.71046167,40.71102723,40.71159278,40.71215834,40.7127239,40.71328945,40.71385501,40.71442057
42,40.67866062,40.67922618,40.67979173,40.68035729,40.68092285,40.6814884,40.68205396,40.68261951,40.68318507,40.68375063,40.68431618,40.68488174,40.6854473,40.68601285,40.68657841,40.68714397,40.68770952,40.68827508,40.68884064,40.68940619,40.68997175,40.69053731,40.69110286,40.69166842,40.69223398,40.69279953,40.69336509,40.69393065,40.6944962,40.69506176,40.69562731,40.69619287,40.69675843,40.69732398,40.69788954,40.6984551,40.69902065,40.69958621,40.70015177,40.70071732,40.70128288,40.70184844,40.70241399,40.70297955,40.70354511,40.70411066,40.70467622,40.70524178,40.70580733,40.70637289,40.70693845,40.707504,40.70806956,40.70863511,40.70920067,40.70976623,40.71033178,40.71089734,40.7114629,40.71202845,40.71259401,40.71315957,40.71372512,40.71429068,40.71485624,40.71542179,40.71598735,40.71655291,40.71711846
43,40.68135852,40.68192407,40.68248963,40.68305519,40.68362074,40.6841863,40.68475186,40.68531741,40.68588297,40.68644853,40.68701408,40.68757964,40.68814519,40.68871075,40.68927631,40.68984186,40.69040742,40.69097298,40.69153853,40.69210409,40.69266965,40.6932352,40.69380076,40.69436632,40.69493187,40.69549743,40.69606299,40.69662854,40.6971941,40.69775966,40.69832521,40.69889077,40.69945633,40.70002188,40.70058744,40.70115299,40.70171855,40.70228411,40.70284966,40.70341522,40.70398078,40.70454633,40.70511189,40.70567745,40.706243,40.70680856,40.70737412,40.70793967,40.70850523,40.70907079,40.70963634,40.7102019,40.71076746,40.71133301,40.71189857,40.71246413,40.71302968,40.71359524,40.71416079,40.71472635,40.71529191,40.71585746,40.71642302,40.71698858,40.71755413,40.71811969,40.71868525,40.7192508,40.71981636
44,40.68405641,40.68462197,40.68518753,40.68575308,40.68631864,40.6868842,40.68744975,40.68801531,40.68858087,40.68914642,40.68971198,40.69027754,40.69084309,40.69140865,40.69197421,40.69253976,40.69310532,40.69367087,40.69423643,40.69480199,40.69536754,40.6959331,40.69649866,40.69706421,40.69762977,40.69819533,40.69876088,40.69932644,40.699892,40.70045755,40.70102311,40.70158867,40.70215422,40.70271978,40.70328534,40.70385089,40.70441645,40.70498201,40.70554756,40.70611312,40.70667867,40.70724423,40.70780979,40.70837534,40.7089409,40.70950646,40.71007201,40.71063757,40.71120313,40.71176868,40.71233424,40.7128998,40.71346535,40.71403091,40.71459647,40.71516202,40.71572758,40.71629314,40.71685869,40.71742425,40.71798981,40.71855536,40.71912092,40.71968647,40.72025203,40.72081759,40.72138314,40.7219487,40.72251426
45,40.68675431,40.68731987,40.68788542,40.68845098,40.68901654,40.68958209,40.69014765,40.69071321,40.69127876,40.69184432,40.69240988,40.69297543,40.69354099,40.69410655,40.6946721,40.69523766,40.69580322,40.69636877,40.69693433,40.69749989,40.69806544,40.698631,40.69919655,40.69976211,40.70032767,40.70089322,40.70145878,40.70202434,40.70258989,40.70315545,40.70372101,40.70428656,40.70485212,40.70541768,40.70598323,40.70654879,40.70711435,40.7076799,40.70824546,40.70881102,40.70937657,40.70994213,40.71050769,40.71107324,40.7116388,40.71220435,40.71276991,40.71333547,40.71390102,40.71446658,40.71503214,40.71559769,40.71616325,40.71672881,40.71729436,40.71785992,40.71842548,40.71899103,40.71955659,40.72012215,40.7206877,40.72125326,40.72181882,40.72238437,40.72294993,40.72351549,40.72408104,40.7246466,40.72521215
46,40.68945221,40.69001777,40.69058332,40.69114888,40.69171443,40.69227999,40.69284555,40.6934111,40.69397666,40.69454222,40.69510777,40.69567333,40.69623889,40.69680444,40.69737,40.69793556,40.69850111,40.69906667,40.69963223,40.70019778,40.70076334,40.7013289,40.70189445,40.70246001,40.70302557,40.70359112,40.70415668,40.70472223,40.70528779,40.70585335,40.7064189,40.70698446,40.70755002,40.70811557,40.70868113,40.70924669,40.70981224,40.7103778,40.71094336,40.71150891,40.71207447,40.71264003,40.71320558,40.71377114,40.7143367,40.71490225,40.71546781,40.71603337,40.71659892,40.71716448,40.71773003,40.71829559,40.71886115,40.7194267,40.71999226,40.72055782,40.72112337,40.72168893,40.72225449,40.72282004,40.7233856,40.72395116,40.72451671,40.72508227,40.72564783,40.72621338,40.72677894,40.7273445,40.72791005
47,40.69215011,40.69271566,40.69328122,40.69384678,40.69441233,40.69497789,40.69554345,40.696109,40.69667456,40.69724011,40.69780567,40.69837123,40.69893678,40.69950234,40.7000679,40.70063345,40.70119901,40.70176457,40.70233012,40.70289568,40.70346124,40.70402679,40.70459235,40.70515791,40.70572346,40.70628902,40.70685458,40.70742013,40.70798569,40.70855125,40.7091168,40.70968236,40.71024791,40.71081347,40.71137903,40.71194458,40.71251014,40.7130757,40.71364125,40.71420681,40.71477237,40.71533792,40.71590348,40.71646904,40.71703459,40.71760015,40.71816571,40.71873126,40.71929682,40.71986238,40.72042793,40.72099349,40.72155905,40.7221246,40.72269016,40.72325571,40.72382127,40.72438683,40.72495238,40.72551794,40.7260835,40.72664905,40.72721461,40.72778017,40.72834572,40.72891128,40.72947684,40.73004239,40.73060795
48,40.694848,40.69541356,40.69597912,40.69654467,40.69711023,40.69767579,40.69824134,40.6988069,40.69937246,40.69993801,40.70050357,40.70106913,40.70163468,40.70220024,40.70276579,40.70333135,40.70389691,40.70446246,40.70502802,40.70559358,40.70615913,40.70672469,40.70729025,40.7078558,40.70842136,40.70898692,40.70955247,40.71011803,40.71068359,40.71124914,40.7118147,40.71238026,40.71294581,40.71351137,40.71407693,40.71464248,40.71520804,40.71577359,40.71633915,40.71690471,40.71747026,40.71803582,40.71860138,40.71916693,40.71973249,40.72029805,40.7208636,40.72142916,40.72199472,40.72256027,40.72312583,40.72369139,40.72425694,40.7248225,40.72538806,40.72595361,40.72651917,40.72708473,40.72765028,40.72821584,40.72878139,40.72934695,40.72991251,40.73047806,40.73104362,40.73160918,40.73217473,40.73274029,40.73330585
49,40.6975459,40.69811146,40.69867701,40.69924257,40.69980813,40.70037368,40.70093924,40.7015048,40.70207035,40.70263591,40.70320147,40.70376702,40.70433258,40.70489814,40.70546369,40.70602925,40.7065948,40.70716036,40.70772592,40.70829147,40.70885703,40.70942259,40.70998814,40.7105537,40.71111926,40.71168481,40.71225037,40.71281593,40.71338148,40.71394704,40.7145126,40.71507815,40.71564371,40.71620927,40.71677482,40.71734038,40.71790594,40.71847149,40.71903705,40.7196026,40.72016816,40.72073372,40.72129927,40.72186483,40.72243039,40.72299594,40.7235615,40.72412706,40.72469261,40.72525817,40.72582373,40.72638928,40.72695484,40.7275204,40.72808595,40.72865151,40.72921707,40.72978262,40.73034818,40.73091374,40.73147929,40.73204485,40.7326104,40.73317596,40.73374152,40.73430707,40.73487263,40.73543819,40.73600374
50,40.7002438,40.70080935,40.70137491,40.70194047,40.70250602,40.70307158,40.70363714,40.70420269,40.70476825,40.70533381,40.70589936,40.70646492,40.70703048,40.70759603,40.70816159,40.70872715,40.7092927,40.70985826,40.71042382,40.71098937,40.71155493,40.71212048,40.71268604,40.7132516,40.71381715,40.71438271,40.71494827,40.71551382,40.71607938,40.71664494,40.71721049,40.71777605,40.71834161,40.71890716,40.71947272,40.72003828,40.72060383,40.72116939,40.72173495,40.7223005,40.72286606,40.72343162,40.72399717,40.72456273,40.72512828,40.72569384,40.7262594,40.72682495,40.72739051,40.72795607,40.72852162,40.72908718,40.72965274,40.73021829,40.73078385,40.73134941,40.73191496,40.73248052,40.73304608,40.73361163,40.73417719,40.73474275,40.7353083,40.73587386,40.73643942,40.73700497,40.73757053,40.73813608,40.73870164
51,40.7029417,40.70350725,40.70407281,40.70463836,40.70520392,40.70576948,40.70633503,40.70690059,40.70746615,40.7080317,40.70859726,40.70916282,40.70972837,40.71029393,40.71085949,40.71142504,40.7119906,40.71255616,40.71312171,40.71368727,40.71425283,40.71481838,40.71538394,40.7159495,40.71651505,40.71708061,40.71764616,40.71821172,40.71877728,40.71934283,40.71990839,40.72047395,40.7210395,40.72160506,40.72217062,40.72273617,40.72330173,40.72386729,40.72443284,40.7249984,40.72556396,40.72612951,40.72669507,40.72726063,40.72782618,40.72839174,40.7289573,40.72952285,40.73008841,40.73065396,40.73121952,40.73178508,40.73235063,40.73291619,40.73348175,40.7340473,40.73461286,40.73517842,40.73574397,40.73630953,40.73687509,40.73744064,40.7380062,40.73857176,40.73913731,40.73970287,40.74026843,40.74083398,40.74139954
52,40.70563959,40.70620515,40.70677071,40.70733626,40.70790182,40.70846738,40.70903293,40.70959849,40.71016404,40.7107296,40.71129516,40.71186071,40.71242627,40.71299183,40.71355738,40.71412294,40.7146885,40.71525405,40.71581961,40.71638517,40.71695072,40.71751628,40.71808184,40.71864739,40.71921295,40.71977851,40.72034406,40.72090962,40.72147518,40.72204073,40.72260629,40.72317184,40.7237374,40.72430296,40.72486851,40.72543407,40.72599963,40.72656518,40.72713074,40.7276963,40.72826185,40.72882741,40.72939297,40.72995852,40.73052408,40.73108964,40.73165519,40.73222075,40.73278631,40.73335186,40.73391742,40.73448298,40.73504853,40.73561409,40.73617964,40.7367452,40.73731076,40.73787631,40.73844187,40.73900743,40.73957298,40.74013854,40.7407041,40.74126965,40.74183521,40.74240077,40.74296632,40.74353188,40.74409744
53,40.70833749,40.70890305,40.7094686,40.71003416,40.71059972,40.71116527,40.71173083,40.71229639,40.71286194,40.7134275,40.71399306,40.71455861,40.71512417,40.71568972,40.71625528,40.71682084,40.71738639,40.71795195,40.71851751,40.71908306,40.71964862,40.72021418,40.72077973,40.72134529,40.72191085,40.7224764,40.72304196,40.72360752,40.72417307,40.72473863,40.72530419,40.72586974,40.7264353,40.72700086,40.72756641,40.72813197,40.72869752,40.72926308,40.72982864,40.73039419,40.73095975,40.73152531,40.73209086,40.73265642,40.73322198,40.73378753,40.73435309,40.73491865,40.7354842,40.73604976,40.73661532,40.73718087,40.73774643,40.73831199,40.73887754,40.7394431,40.74000866,40.74057421,40.74113977,40.74170532,40.74227088,40.74283644,40.74340199,40.74396755,40.74453311,40.74509866,40.74566422,40.74622978,40.74679533
54,40.71103539,40.71160094,40.7121665,40.71273206,40.71329761,40.71386317,40.71442873,40.71499428,40.71555984,40.7161254,40.71669095,40.71725651,40.71782207,40.71838762,40.71895318,40.71951874,40.72008429,40.72064985,40.7212154,40.72178096,40.72234652,40.72291207,40.72347763,40.72404319,40.72460874,40.7251743,40.72573986,40.72630541,40.72687097,40.72743653,40.72800208,40.72856764,40.7291332,40.72969875,40.73026431,40.73082987,40.73139542,40.73196098,40.73252654,40.73309209,40.73365765,40.7342232,40.73478876,40.73535432,40.73591987,40.73648543,40.73705099,40.73761654,40.7381821,40.73874766,40.73931321,40.73987877,40.74044433,40.74100988,40.74157544,40.742141,40.74270655,40.74327211,40.74383767,40.74440322,40.74496878,40.74553434,40.74609989,40.74666545,40.747231,40.74779656,40.74836212,40.74892767,40.74949323
55,40.71373328,40.71429884,40.7148644,40.71542995,40.71599551,40.71656107,40.71712662,40.71769218,40.71825774,40.71882329,40.71938885,40.71995441,40.72051996,40.72108552,40.72165108,40.72221663,40.72278219,40.72334775,40.7239133,40.72447886,40.72504442,40.72560997,40.72617553,40.72674108,40.72730664,40.7278722,40.72843775,40.72900331,40.72956887,40.73013442,40.73069998,40.73126554,40.73183109,40.73239665,40.73296221,40.73352776,40.73409332,40.73465888,40.73522443,40.73578999,40.73635555,40.7369211,40.73748666,40.73805222,40.73861777,40.73918333,40.73974888,40.74031444,40.74088,40.74144555,40.74201111,40.74257667,40.74314222,40.74370778,40.74427334,40.74483889,40.74540445,40.74597001,40.74653556,40.74710112,40.74766668,40.74823223,40.74879779,40.74936335,40.7499289,40.75049446,40.75106002,40.75162557,40.75219113
56,40.71643118,40.71699674,40.7175623,40.71812785,40.71869341,40.71925896,40.71982452,40.72039008,40.72095563,40.72152119,40.72208675,40.7226523,40.72321786,40.72378342,40.72434897,40.72491453,40.72548009,40.72604564,40.7266112,40.72717676,40.72774231,40.72830787,40.72887343,40.72943898,40.73000454,40.7305701,40.73113565,40.73170121,40.73226676,40.73283232,40.73339788,40.73396343,40.73452899,40.73509455,40.7356601,40.73622566,40.73679122,40.73735677,40.73792233,40.73848789,40.73905344,40.739619,40.74018456,40.74075011,40.74131567,40.74188123,40.74244678,40.74301234,40.7435779,40.74414345,40.74470901,40.74527456,40.74584012,40.74640568,40.74697123,40.74753679,40.74810235,40.7486679,40.74923346,40.74979902,40.75036457,40.75093013,40.75149569,40.75206124,40.7526268,40.75319236,40.75375791,40.75432347,40.75488903
57,40.71912908,40.71969464,40.72026019,40.72082575,40.72139131,40.72195686,40.72252242,40.72308798,40.72365353,40.72421909,40.72478464,40.7253502,40.72591576,40.72648131,40.72704687,40.72761243,40.72817798,40.72874354,40.7293091,40.72987465,40.73044021,40.73100577,40.73157132,40.73213688,40.73270244,40.73326799,40.73383355,40.73439911,40.73496466,40.73553022,40.73609578,40.73666133,40.73722689,40.73779244,40.738358,40.73892356,40.73948911,40.74005467,40.74062023,40.74118578,40.74175134,40.7423169,40.74288245,40.74344801,40.74401357,40.74457912,40.74514468,40.74571024,40.74627579,40.74684135,40.74740691,40.74797246,40.74853802,40.74910358,40.74966913,40.75023469,40.75080024,40.7513658,40.75193136,40.75249691,40.75306247,40.75362803,40.75419358,40.75475914,40.7553247,40.75589025,40.75645581,40.75702137,40.75758692
58,40.72182698,40.72239253,40.72295809,40.72352365,40.7240892,40.72465476,40.72522032,40.72578587,40.72635143,40.72691699,40.72748254,40.7280481,40.72861366,40.72917921,40.72974477,40.73031032,40.73087588,40.73144144,40.73200699,40.73257255,40.73313811,40.73370366,40.73426922,40.73483478,40.73540033,40.73596589,40.73653145,40.737097,40.73766256,40.73822812,40.73879367,40.73935923,40.73992479,40.74049034,40.7410559,40.74162146,40.74218701,40.74275257,40.74331812,40.74388368,40.74444924,40.74501479,40.74558035,40.74614591,40.74671146,40.74727702,40.74784258,40.74840813,40.74897369,40.74953925,40.7501048,40.75067036,40.75123592,40.75180147,40.75236703,40.75293259,40.75349814,40.7540637,40.75462926,40.75519481,40.75576037,40.75632592,40.75689148,40.75745704,40.75802259,40.75858815,40.75915371,40.75971926,40.76028482
59,40.72452487,40.72509043,40.72565599,40.72622154,40.7267871,40.72735266,40.72791821,40.72848377,40.72904933,40.72961488,40.73018044,40.730746,40.73131155,40.73187711,40.73244267,40.73300822,40.73357378,40.73413934,40.73470489,40.73527045,40.735836,40.73640156,40.73696712,40.73753267,40.73809823,40.73866379,40.73922934,40.7397949,40.74036046,40.74092601,40.74149157,40.74205713,40.74262268,40.74318824,40.7437538,40.74431935,40.74488491,40.74545047,40.74601602,40.74658158,40.74714714,40.74771269,40.74827825,40.7488438,40.74940936,40.74997492,40.75054047,40.75110603,40.75167159,40.75223714,40.7528027,40.75336826,40.75393381,40.75449937,40.75506493,40.75563048,40.75619604,40.7567616,40.75732715,40.75789271,40.75845827,40.75902382,40.75958938,40.76015494,40.76072049,40.76128605,40.7618516,40.76241716,40.76298272
60,40.72722277,40.72778833,40.72835388,40.72891944,40.729485,40.73005055,40.73061611,40.73118167,40.73174722,40.73231278,40.73287834,40.73344389,40.73400945,40.73457501,40.73514056,40.73570612,40.73627168,40.73683723,40.73740279,40.73796835,40.7385339,40.73909946,40.73966502,40.74023057,40.74079613,40.74136168,40.74192724,40.7424928,40.74305835,40.74362391,40.74418947,40.74475502,40.74532058,40.74588614,40.74645169,40.74701725,40.74758281,40.74814836,40.74871392,40.74927948,40.74984503,40.75041059,40.75097615,40.7515417,40.75210726,40.75267282,40.75323837,40.75380393,40.75436948,40.75493504,40.7555006,40.75606615,40.75663171,40.75719727,40.75776282,40.75832838,40.75889394,40.75945949,40.76002505,40.76059061,40.76115616,40.76172172,40.76228728,40.76285283,40.76341839,40.76398395,40.7645495,40.76511506,40.76568062
61,40.72992067,40.73048623,40.73105178,40.73161734,40.7321829,40.73274845,40.73331401,40.73387956,40.73444512,40.73501068,40.73557623,40.73614179,40.73670735,40.7372729,40.73783846,40.73840402,40.73896957,40.73953513,40.74010069,40.74066624,40.7412318,40.74179736,40.74236291,40.74292847,40.74349403,40.74405958,40.74462514,40.7451907,40.74575625,40.74632181,40.74688736,40.74745292,40.74801848,40.74858403,40.74914959,40.74971515,40.7502807,40.75084626,40.75141182,40.75197737,40.75254293,40.75310849,40.75367404,40.7542396,40.75480516,40.75537071,40.75593627,40.75650183,40.75706738,40.75763294,40.7581985,40.75876405,40.75932961,40.75989516,40.76046072,40.76102628,40.76159183,40.76215739,40.76272295,40.7632885,40.76385406,40.76441962,40.76498517,40.76555073,40.76611629,40.76668184,40.7672474,40.76781296,40.76837851
62,40.73261857,40.73318412,40.73374968,40.73431524,40.73488079,40.73544635,40.73601191,40.73657746,40.73714302,40.73770858,40.73827413,40.73883969,40.73940524,40.7399708,40.74053636,40.74110191,40.74166747,40.74223303,40.74279858,40.74336414,40.7439297,40.74449525,40.74506081,40.74562637,40.74619192,40.74675748,40.74732304,40.74788859,40.74845415,40.74901971,40.74958526,40.75015082,40.75071638,40.75128193,40.75184749,40.75241304,40.7529786,40.75354416,40.75410971,40.75467527,40.75524083,40.75580638,40.75637194,40.7569375,40.75750305,40.75806861,40.75863417,40.75919972,40.75976528,40.76033084,40.76089639,40.76146195,40.76202751,40.76259306,40.76315862,40.76372418,40.76428973,40.76485529,40.76542084,40.7659864,40.76655196,40.76711751,40.76768307,40.76824863,40.76881418,40.76937974,40.7699453,40.77051085,40.77107641
63,40.73531646,40.73588202,40.73644758,40.73701313,40.73757869,40.73814425,40.7387098,40.73927536,40.73984092,40.74040647,40.74097203,40.74153759,40.74210314,40.7426687,40.74323426,40.74379981,40.74436537,40.74493092,40.74549648,40.74606204,40.74662759,40.74719315,40.74775871,40.74832426,40.74888982,40.74945538,40.75002093,40.75058649,40.75115205,40.7517176,40.75228316,40.75284872,40.75341427,40.75397983,40.75454539,40.75511094,40.7556765,40.75624206,40.75680761,40.75737317,40.75793872,40.75850428,40.75906984,40.75963539,40.76020095,40.76076651,40.76133206,40.76189762,40.76246318,40.76302873,40.76359429,40.76415985,40.7647254,40.76529096,40.76585652,40.76642207,40.76698763,40.76755319,40.76811874,40.7686843,40.76924986,40.76981541,40.77038097,40.77094652,40.77151208,40.77207764,40.77264319,40.77320875,40.77377431
64,40.73801436,40.73857992,40.73914547,40.73971103,40.74027659,40.74084214,40.7414077,40.74197326,40.74253881,40.74310437,40.74366993,40.74423548,40.74480104,40.7453666,40.74593215,40.74649771,40.74706327,40.74762882,40.74819438,40.74875994,40.74932549,40.74989105,40.7504566,40.75102216,40.75158772,40.75215327,40.75271883,40.75328439,40.75384994,40.7544155,40.75498106,40.75554661,40.75611217,40.75667773,40.75724328,40.75780884,40.7583744,40.75893995,40.75950551,40.76007107,40.76063662,40.76120218,40.76176774,40.76233329,40.76289885,40.7634644,40.76402996,40.76459552,40.76516107,40.76572663,40.76629219,40.76685774,40.7674233,40.76798886,40.76855441,40.76911997,40.76968553,40.77025108,40.77081664,40.7713822,40.77194775,40.77251331,40.77307887,40.77364442,40.77420998,40.77477554,40.77534109,40.77590665,40.7764722
65,40.74071226,40.74127782,40.74184337,40.74240893,40.74297448,40.74354004,40.7441056,40.74467115,40.74523671,40.74580227,40.74636782,40.74693338,40.74749894,40.74806449,40.74863005,40.74919561,40.74976116,40.75032672,40.75089228,40.75145783,40.75202339,40.75258895,40.7531545,40.75372006,40.75428562,40.75485117,40.75541673,40.75598228,40.75654784,40.7571134,40.75767895,40.75824451,40.75881007,40.75937562,40.75994118,40.76050674,40.76107229,40.76163785,40.76220341,40.76276896,40.76333452,40.76390008,40.76446563,40.76503119,40.76559675,40.7661623,40.76672786,40.76729342,40.76785897,40.76842453,40.76899008,40.76955564,40.7701212,40.77068675,40.77125231,40.77181787,40.77238342,40.77294898,40.77351454,40.77408009,40.77464565,40.77521121,40.77577676,40.77634232,40.77690788,40.77747343,40.77803899,40.77860455,40.7791701
66,40.74341016,40.74397571,40.74454127,40.74510683,40.74567238,40.74623794,40.7468035,40.74736905,40.74793461,40.74850016,40.74906572,40.74963128,40.75019683,40.75076239,40.75132795,40.7518935,40.75245906,40.75302462,40.75359017,40.75415573,40.75472129,40.75528684,40.7558524,40.75641796,40.75698351,40.75754907,40.75811463,40.75868018,40.75924574,40.7598113,40.76037685,40.76094241,40.76150796,40.76207352,40.76263908,40.76320463,40.76377019,40.76433575,40.7649013,40.76546686,40.76603242,40.76659797,40.76716353,40.76772909,40.76829464,40.7688602,40.76942576,40.76999131,40.77055687,40.77112243,40.77168798,40.77225354,40.7728191,40.77338465,40.77395021,40.77451576,40.77508132,40.77564688,40.77621243,40.77677799,40.77734355,40.7779091,40.77847466,40.77904022,40.77960577,40.78017133,40.78073689,40.78130244,40.781868
67,40.74610805,40.74667361,40.74723917,40.74780472,40.74837028,40.74893584,40.74950139,40.75006695,40.75063251,40.75119806,40.75176362,40.75232918,40.75289473,40.75346029,40.75402584,40.7545914,40.75515696,40.75572251,40.75628807,40.75685363,40.75741918,40.75798474,40.7585503,40.75911585,40.75968141,40.76024697,40.76081252,40.76137808,40.76194364,40.76250919,40.76307475,40.76364031,40.76420586,40.76477142,40.76533698,40.76590253,40.76646809,40.76703364,40.7675992,40.76816476,40.76873031,40.76929587,40.76986143,40.77042698,40.77099254,40.7715581,40.77212365,40.77268921,40.77325477,40.77382032,40.77438588,40.77495144,40.77551699,40.77608255,40.77664811,40.77721366,40.77777922,40.77834478,40.77891033,40.77947589,40.78004144,40.780607,40.78117256,40.78173811,40.78230367,40.78286923,40.78343478,40.78400034,40.7845659
68,40.74880595,40.74937151,40.74993706,40.75050262,40.75106818,40.75163373,40.75219929,40.75276485,40.7533304,40.75389596,40.75446152,40.75502707,40.75559263,40.75615819,40.75672374,40.7572893,40.75785485,40.75842041,40.75898597,40.75955152,40.76011708,40.76068264,40.76124819,40.76181375,40.76237931,40.76294486,40.76351042,40.76407598,40.76464153,40.76520709,40.76577265,40.7663382,40.76690376,40.76746932,40.76803487,40.76860043,40.76916599,40.76973154,40.7702971,40.77086265,40.77142821,40.77199377,40.77255932,40.77312488,40.77369044,40.77425599,40.77482155,40.77538711,40.77595266,40.77651822,40.77708378,40.77764933,40.77821489,40.77878045,40.779346,40.77991156,40.78047712,40.78104267,40.78160823,40.78217379,40.78273934,40.7833049,40.78387045,40.78443601,40.78500157,40.78556712,40.78613268,40.78669824,40.78726379
69,40.75150385,40.7520694,40.75263496,40.75320052,40.75376607,40.75433163,40.75489719,40.75546274,40.7560283,40.75659386,40.75715941,40.75772497,40.75829053,40.75885608,40.75942164,40.7599872,40.76055275,40.76111831,40.76168387,40.76224942,40.76281498,40.76338053,40.76394609,40.76451165,40.7650772,40.76564276,40.76620832,40.76677387,40.76733943,40.76790499,40.76847054,40.7690361,40.76960166,40.77016721,40.77073277,40.77129833,40.77186388,40.77242944,40.772995,40.77356055,40.77412611,40.77469167,40.77525722,40.77582278,40.77638833,40.77695389,40.77751945,40.778085,40.77865056,40.77921612,40.77978167,40.78034723,40.78091279,40.78147834,40.7820439,40.78260946,40.78317501,40.78374057,40.78430613,40.78487168,40.78543724,40.7860028,40.78656835,40.78713391,40.78769947,40.78826502,40.78883058,40.78939613,40.78996169
70,40.75420175,40.7547673,40.75533286,40.75589841,40.75646397,40.75702953,40.75759508,40.75816064,40.7587262,40.75929175,40.75985731,40.76042287,40.76098842,40.76155398,40.76211954,40.76268509,40.76325065,40.76381621,40.76438176,40.76494732,40.76551288,40.76607843,40.76664399,40.76720955,40.7677751,40.76834066,40.76890621,40.76947177,40.77003733,40.77060288,40.77116844,40.771734,40.77229955,40.77286511,40.77343067,40.77399622,40.77456178,40.77512734,40.77569289,40.77625845,40.77682401,40.77738956,40.77795512,40.77852068,40.77908623,40.77965179,40.78021735,40.7807829,40.78134846,40.78191401,40.78247957,40.78304513,40.78361068,40.78417624,40.7847418,40.78530735,40.78587291,40.78643847,40.78700402,40.78756958,40.78813514,40.78870069,40.78926625,40.78983181,40.79039736,40.79096292,40.79152848,40.79209403,40.79265959
71,40.75689964,40.7574652,40.75803076,40.75859631,40.75916187,40.75972743,40.76029298,40.76085854,40.76142409,40.76198965,40.76255521,40.76312076,40.76368632,40.76425188,40.76481743,40.76538299,40.76594855,40.7665141,40.76707966,40.76764522,40.76821077,40.76877633,40.76934189,40.76990744,40.770473,40.77103856,40.77160411,40.77216967,40.77273523,40.77330078,40.77386634,40.77443189,40.77499745,40.77556301,40.77612856,40.77669412,40.77725968,40.77782523,40.77839079,40.77895635,40.7795219,40.78008746,40.78065302,40.78121857,40.78178413,40.78234969,40.78291524,40.7834808,40.78404636,40.78461191,40.78517747,40.78574303,40.78630858,40.78687414,40.78743969,40.78800525,40.78857081,40.78913636,40.78970192,40.79026748,40.79083303,40.79139859,40.79196415,40.7925297,40.79309526,40.79366082,40.79422637,40.79479193,40.79535749
72,40.75959754,40.7601631,40.76072865,40.76129421,40.76185977,40.76242532,40.76299088,40.76355644,40.76412199,40.76468755,40.76525311,40.76581866,40.76638422,40.76694977,40.76751533,40.76808089,40.76864644,40.769212,40.76977756,40.77034311,40.77090867,40.77147423,40.77203978,40.77260534,40.7731709,40.77373645,40.77430201,40.77486757,40.77543312,40.77599868,40.77656424,40.77712979,40.77769535,40.77826091,40.77882646,40.77939202,40.77995757,40.78052313,40.78108869,40.78165424,40.7822198,40.78278536,40.78335091,40.78391647,40.78448203,40.78504758,40.78561314,40.7861787,40.78674425,40.78730981,40.78787537,40.78844092,40.78900648,40.78957204,40.79013759,40.79070315,40.79126871,40.79183426,40.79239982,40.79296537,40.79353093,40.79409649,40.79466204,40.7952276,40.79579316,40.79635871,40.79692427,40.79748983,40.79805538
73,40.76229544,40.76286099,40.76342655,40.76399211,40.76455766,40.76512322,40.76568878,40.76625433,40.76681989,40.76738545,40.767951,40.76851656,40.76908212,40.76964767,40.77021323,40.77077879,40.77134434,40.7719099,40.77247545,40.77304101,40.77360657,40.77417212,40.77473768,40.77530324,40.77586879,40.77643435,40.77699991,40.77756546,40.77813102,40.77869658,40.77926213,40.77982769,40.78039325,40.7809588,40.78152436,40.78208992,40.78265547,40.78322103,40.78378659,40.78435214,40.7849177,40.78548325,40.78604881,40.78661437,40.78717992,40.78774548,40.78831104,40.78887659,40.78944215,40.79000771,40.79057326,40.79113882,40.79170438,40.79226993,40.79283549,40.79340105,40.7939666,40.79453216,40.79509772,40.79566327,40.79622883,40.79679439,40.79735994,40.7979255,40.79849105,40.79905661,40.79962217,40.80018772,40.80075328
74,40.76499333,40.76555889,40.76612445,40.76669,40.76725556,40.76782112,40.76838667,40.76895223,40.76951779,40.77008334,40.7706489,40.77121446,40.77178001,40.77234557,40.77291113,40.77347668,40.77404224,40.7746078,40.77517335,40.77573891,40.77630447,40.77687002,40.77743558,40.77800113,40.77856669,40.77913225,40.7796978,40.78026336,40.78082892,40.78139447,40.78196003,40.78252559,40.78309114,40.7836567,40.78422226,40.78478781,40.78535337,40.78591893,40.78648448,40.78705004,40.7876156,40.78818115,40.78874671,40.78931227,40.78987782,40.79044338,40.79100893,40.79157449,40.79214005,40.7927056,40.79327116,40.79383672,40.79440227,40.79496783,40.79553339,40.79609894,40.7966645,40.79723006,40.79779561,40.79836117,40.79892673,40.79949228,40.80005784,40.8006234,40.80118895,40.80175451,40.80232007,40.80288562,40.80345118
75,40.76769123,40.76825679,40.76882235,40.7693879,40.76995346,40.77051901,40.77108457,40.77165013,40.77221568,40.77278124,40.7733468,40.77391235,40.77447791,40.77504347,40.77560902,40.77617458,40.77674014,40.77730569,40.77787125,40.77843681,40.77900236,40.77956792,40.78013348,40.78069903,40.78126459,40.78183015,40.7823957,40.78296126,40.78352681,40.78409237,40.78465793,40.78522348,40.78578904,40.7863546,40.78692015,40.78748571,40.78805127,40.78861682,40.78918238,40.78974794,40.79031349,40.79087905,40.79144461,40.79201016,40.79257572,40.79314128,40.79370683,40.79427239,40.79483795,40.7954035,40.79596906,40.79653461,40.79710017,40.79766573,40.79823128,40.79879684,40.7993624,40.79992795,40.80049351,40.80105907,40.80162462,40.80219018,40.80275574,40.80332129,40.80388685,40.80445241,40.80501796,40.80558352,40.80614908
76,40.77038913,40.77095469,40.77152024,40.7720858,40.77265136,40.77321691,40.77378247,40.77434803,40.77491358,40.77547914,40.77604469,40.77661025,40.77717581,40.77774136,40.77830692,40.77887248,40.77943803,40.78000359,40.78056915,40.7811347,40.78170026,40.78226582,40.78283137,40.78339693,40.78396249,40.78452804,40.7850936,40.78565916,40.78622471,40.78679027,40.78735583,40.78792138,40.78848694,40.78905249,40.78961805,40.79018361,40.79074916,40.79131472,40.79188028,40.79244583,40.79301139,40.79357695,40.7941425,40.79470806,40.79527362,40.79583917,40.79640473,40.79697029,40.79753584,40.7981014,40.79866696,40.79923251,40.79979807,40.80036363,40.80092918,40.80149474,40.80206029,40.80262585,40.80319141,40.80375696,40.80432252,40.80488808,40.80545363,40.80601919,40.80658475,40.8071503,40.80771586,40.80828142,40.80884697
