,ID,Borough,NAID,Network Area Hosting Capacity (kVA),Updated Date,LongRef,LatRef,Lat,Long,Zip,ZCTA
0,176,MANHATTAN,23C,65,2018-06-20 00:00:00,23,C,40.75545372,74.00460932,10001,10001
1,186,MANHATTAN,24C,70,2018-06-20 00:00:00,24,C,40.75749191,74.00312516,10001,10001
2,166,MANHATTAN,22C,545,2018-06-20 00:00:00,22,C,40.75341553,74.00609349,10001,10001
3,157,MANHATTAN,21D,580,2018-06-20 00:00:00,21,D,40.74985113,74.00394802,10001,10001
4,158,MANHATTAN,21E,855,2018-06-20 00:00:00,21,E,40.74832491,74.00031838,10001,10001
5,177,MANHATTAN,23D,1130,2018-06-20 00:00:00,23,D,40.7539275,74.00097969,10001,10001
6,167,MANHATTAN,22D,1570,2018-06-20 00:00:00,22,D,40.75188931,74.00246385,10001,10001
7,178,MANHATTAN,23E,1655,2018-06-20 00:00:00,23,E,40.75240129,73.99735006,10001,10001
8,159,MANHATTAN,21F,1755,2018-06-20 00:00:00,21,F,40.7467987,73.99668875,10001,10001
9,168,MANHATTAN,22E,1935,2018-06-20 00:00:00,22,E,40.7503631,73.99883422,10001,10001
10,156,MANHATTAN,21C,2255,2018-06-20 00:00:00,21,C,40.75137734,74.00757765,10001,10001
11,169,MANHATTAN,22F,2330,2018-06-20 00:00:00,22,F,40.74883689,73.99520459,10001,10001
12,171,MANHATTAN,22H,2600,2018-06-20 00:00:00,22,H,40.74578446,73.98794532,10001,10001
13,181,MANHATTAN,23H,3910,2018-06-20 00:00:00,23,H,40.74782265,73.98646116,10001,10001
14,170,MANHATTAN,22G,4260,2018-06-20 00:00:00,22,G,40.74731067,73.99157495,10001,10001
15,179,MANHATTAN,23F,4315,2018-06-20 00:00:00,23,F,40.75087508,73.99372042,10001,10001
16,160,MANHATTAN,21G,5005,2018-06-20 00:00:00,21,G,40.74527249,73.99305912,10001,10001
17,180,MANHATTAN,23G,5420,2018-06-20 00:00:00,23,G,40.74934886,73.99009079,10001,10001
18,59,MANHATTAN,11N,75,2018-06-20 00:00:00,11,N,40.7142071,73.98249333,10002,10002
19,80,MANHATTAN,13O,100,2018-06-20 00:00:00,13,O,40.71675727,73.97589536,10002,10002
20,70,MANHATTAN,12O,285,2018-06-20 00:00:00,12,O,40.71471908,73.97737953,10002,10002
21,69,MANHATTAN,12N,300,2018-06-20 00:00:00,12,N,40.71624529,73.98100916,10002,10002
22,43,MANHATTAN,9L,400,2018-06-20 00:00:00,9,L,40.71318315,73.99272092,10002,10002
23,60,MANHATTAN,11O,470,2018-06-20 00:00:00,11,O,40.71268089,73.97886369,10002,10002
24,37,MANHATTAN,8L,480,2018-06-20 00:00:00,8,L,40.71114496,73.99420509,10002,10002
25,79,MANHATTAN,13N,625,2018-06-20 00:00:00,13,N,40.71828348,73.979525,10002,10002
26,68,MANHATTAN,12M,780,2018-06-20 00:00:00,12,M,40.71777151,73.9846388,10002,10002
27,56,MANHATTAN,11K,830,2018-06-20 00:00:00,11,K,40.71878574,73.99338223,10002,10002
28,78,MANHATTAN,13M,870,2018-06-20 00:00:00,13,M,40.71980969,73.98315463,10002,10002
29,57,MANHATTAN,11L,875,2018-06-20 00:00:00,11,L,40.71725953,73.98975259,10002,10002
30,50,MANHATTAN,10L,955,2018-06-20 00:00:00,10,L,40.71522134,73.99123676,10002,10002
31,58,MANHATTAN,11M,955,2018-06-20 00:00:00,11,M,40.71573332,73.98612296,10002,10002
32,66,MANHATTAN,12K,1010,2018-06-20 00:00:00,12,K,40.72082393,73.99189806,10002,10002
33,42,MANHATTAN,9K,1020,2018-06-20 00:00:00,9,K,40.71470937,73.99635055,10002,10002
34,76,MANHATTAN,13K,1070,2018-06-20 00:00:00,13,K,40.72286212,73.9904139,10002,10002
35,49,MANHATTAN,10K,1220,2018-06-20 00:00:00,10,K,40.71674755,73.99486639,10002,10002
36,77,MANHATTAN,13L,1245,2018-06-20 00:00:00,13,L,40.72133591,73.98678426,10002,10002
37,67,MANHATTAN,12L,1315,2018-06-20 00:00:00,12,L,40.71929772,73.98826843,10002,10002
38,142,MANHATTAN,19K,950,2018-06-20 00:00:00,19,K,40.73509125,73.98150891,10003,10003
39,98,MANHATTAN,15K,1170,2018-06-20 00:00:00,15,K,40.7269385,73.98744557,10003,10003
40,109,MANHATTAN,16K,1555,2018-06-20 00:00:00,16,K,40.72897669,73.9859614,10003,10003
41,108,MANHATTAN,16J,2130,2018-06-20 00:00:00,16,J,40.7305029,73.98959104,10003,10003
42,141,MANHATTAN,19J,2185,2018-06-20 00:00:00,19,J,40.73661747,73.98513855,10003,10003
43,97,MANHATTAN,15J,2190,2018-06-20 00:00:00,15,J,40.72846471,73.9910752,10003,10003
44,107,MANHATTAN,16I,2250,2018-06-20 00:00:00,16,I,40.73202911,73.99322067,10003,10003
45,120,MANHATTAN,17K,2372,2018-06-20 00:00:00,17,K,40.73101488,73.98447724,10003,10003
46,119,MANHATTAN,17J,2855,2018-06-20 00:00:00,17,J,40.73254109,73.98810687,10003,10003
47,118,MANHATTAN,17I,2950,2018-06-20 00:00:00,17,I,40.7340673,73.99173651,10003,10003
48,130,MANHATTAN,18J,3085,2018-06-20 00:00:00,18,J,40.73457928,73.98662271,10003,10003
49,140,MANHATTAN,19I,3435,2018-06-20 00:00:00,19,I,40.73814368,73.98876818,10003,10003
50,129,MANHATTAN,18I,3495,2018-06-20 00:00:00,18,I,40.73610549,73.99025234,10003,10003
51,131,MANHATTAN,18K,3615,2018-06-20 00:00:00,18,K,40.73305307,73.98299308,10003,10003
52,2,MANHATTAN,1J,240,2018-06-20 00:00:00,1,J,40.69993007,74.0118535,10004,10004
53,4,MANHATTAN,2I,4190,2018-06-20 00:00:00,2,I,40.70349447,74.01399897,10004,10004
54,5,MANHATTAN,2J,7990,2018-06-20 00:00:00,2,J,40.70196826,74.01036934,10004,10004
55,8,MANHATTAN,3I,10295,2018-06-20 00:00:00,3,I,40.70553266,74.01251481,10004,10004
56,53,MANHATTAN,11H,1435,2018-06-20 00:00:00,11,H,40.72336438,74.00427113,10005,10005
57,9,MANHATTAN,3J,4209,2018-06-20 00:00:00,3,J,40.70400645,74.00888517,10005,10005
58,13,MANHATTAN,4J,8610,2018-06-20 00:00:00,4,J,40.70604463,74.00740101,10005,10005
59,12,MANHATTAN,4I,9765,2018-06-20 00:00:00,4,I,40.70757085,74.01103064,10005,10005
60,11,MANHATTAN,4H,3110,2018-06-20 00:00:00,4,H,40.70909706,74.01466028,10006,10006
61,16,MANHATTAN,5H,110,2018-06-20 00:00:00,5,H,40.71113525,74.01317611,10007,10007
62,35,MANHATTAN,8J,1560,2018-06-20 00:00:00,8,J,40.71419739,74.00146435,10007,10007
63,27,MANHATTAN,7H,2040,2018-06-20 00:00:00,7,H,40.71521163,74.01020778,10007,10007
64,28,MANHATTAN,7I,2720,2018-06-20 00:00:00,7,I,40.71368541,74.00657815,10007,10007
65,34,MANHATTAN,8I,2870,2018-06-20 00:00:00,8,I,40.7157236,74.00509399,10007,10007
66,123,MANHATTAN,17N,100,2018-06-20 00:00:00,17,N,40.72643624,73.97358834,10009,10009
67,110,MANHATTAN,16L,190,2018-06-20 00:00:00,16,L,40.72745047,73.98233177,10009,10009
68,91,MANHATTAN,14O,390,2018-06-20 00:00:00,14,O,40.71879546,73.9744112,10009,10009
69,134,MANHATTAN,18N,410,2018-06-20 00:00:00,18,N,40.72847443,73.97210418,10009,10009
70,112,MANHATTAN,16N,445,2018-06-20 00:00:00,16,N,40.72439805,73.9750725,10009,10009
71,122,MANHATTAN,17M,550,2018-06-20 00:00:00,17,M,40.72796245,73.97721797,10009,10009
72,90,MANHATTAN,14N,580,2018-06-20 00:00:00,14,N,40.72032167,73.97804083,10009,10009
73,88,MANHATTAN,14L,620,2018-06-20 00:00:00,14,L,40.7233741,73.9853001,10009,10009
74,132,MANHATTAN,18L,660,2018-06-20 00:00:00,18,L,40.73152685,73.97936344,10009,10009
75,143,MANHATTAN,19L,670,2018-06-20 00:00:00,19,L,40.73356504,73.97787928,10009,10009
76,133,MANHATTAN,18M,700,2018-06-20 00:00:00,18,M,40.73000064,73.97573381,10009,10009
77,100,MANHATTAN,15M,765,2018-06-20 00:00:00,15,M,40.72388607,73.9801863,10009,10009
78,121,MANHATTAN,17L,840,2018-06-20 00:00:00,17,L,40.72948866,73.98084761,10009,10009
79,101,MANHATTAN,15N,885,2018-06-20 00:00:00,15,N,40.72235986,73.97655667,10009,10009
80,87,MANHATTAN,14K,950,2018-06-20 00:00:00,14,K,40.72490031,73.98892973,10009,10009
81,99,MANHATTAN,15L,1125,2018-06-20 00:00:00,15,L,40.72541229,73.98381594,10009,10009
82,111,MANHATTAN,16M,1150,2018-06-20 00:00:00,16,M,40.72592426,73.97870214,10009,10009
83,89,MANHATTAN,14M,1310,2018-06-20 00:00:00,14,M,40.72184788,73.98167047,10009,10009
84,155,MANHATTAN,20M,70,2018-06-20 00:00:00,20,M,40.73407702,73.97276548,10010,10010
85,154,MANHATTAN,20L,385,2018-06-20 00:00:00,20,L,40.73560323,73.97639511,10010,10010
86,144,MANHATTAN,19M,560,2018-06-20 00:00:00,19,M,40.73203883,73.97424965,10010,10010
87,152,MANHATTAN,20J,2305,2018-06-20 00:00:00,20,J,40.73865566,73.98365438,10010,10010
88,153,MANHATTAN,20K,2305,2018-06-20 00:00:00,20,K,40.73712944,73.98002475,10010,10010
89,163,MANHATTAN,21J,2785,2018-06-20 00:00:00,21,J,40.74069385,73.98217022,10010,10010
90,165,MANHATTAN,21L,3115,2018-06-20 00:00:00,21,L,40.73764142,73.97491095,10010,10010
91,164,MANHATTAN,21K,3375,2018-06-20 00:00:00,21,K,40.73916763,73.97854058,10010,10010
92,161,MANHATTAN,21H,3920,2018-06-20 00:00:00,21,H,40.74374627,73.98942948,10010,10010
93,162,MANHATTAN,21I,4685,2018-06-20 00:00:00,21,I,40.74222006,73.98579985,10010,10010
94,150,MANHATTAN,20H,5475,2018-06-20 00:00:00,20,H,40.74170808,73.99091365,10010,10010
95,151,MANHATTAN,20I,5485,2018-06-20 00:00:00,20,I,40.74018187,73.98728401,10010,10010
96,145,MANHATTAN,20C,40,2018-06-20 00:00:00,20,C,40.74933915,74.00906181,10011,10011
97,136,MANHATTAN,19E,470,2018-06-20 00:00:00,19,E,40.74424853,74.00328671,10011,10011
98,106,MANHATTAN,16H,860,2018-06-20 00:00:00,16,H,40.73355533,73.9968503,10011,10011
99,146,MANHATTAN,20D,1090,2018-06-20 00:00:00,20,D,40.74781294,74.00543218,10011,10011
100,147,MANHATTAN,20E,1250,2018-06-20 00:00:00,20,E,40.74628672,74.00180255,10011,10011
101,148,MANHATTAN,20F,1290,2018-06-20 00:00:00,20,F,40.74476051,73.99817291,10011,10011
102,127,MANHATTAN,18G,1760,2018-06-20 00:00:00,18,G,40.73915792,73.99751161,10011,10011
103,116,MANHATTAN,17G,1795,2018-06-20 00:00:00,17,G,40.73711973,73.99899577,10011,10011
104,138,MANHATTAN,19G,1970,2018-06-20 00:00:00,19,G,40.74119611,73.99602745,10011,10011
105,137,MANHATTAN,19F,2270,2018-06-20 00:00:00,19,F,40.74272232,73.99965708,10011,10011
106,135,MANHATTAN,19D,2275,2018-06-20 00:00:00,19,D,40.74577475,74.00691635,10011,10011
107,117,MANHATTAN,17H,2405,2018-06-20 00:00:00,17,H,40.73559352,73.99536614,10011,10011
108,149,MANHATTAN,20G,2495,2018-06-20 00:00:00,20,G,40.7432343,73.99454328,10011,10011
109,124,MANHATTAN,18D,2930,2018-06-20 00:00:00,18,D,40.74373656,74.00840051,10011,10011
110,128,MANHATTAN,18H,3430,2018-06-20 00:00:00,18,H,40.73763171,73.99388198,10011,10011
111,139,MANHATTAN,19H,3545,2018-06-20 00:00:00,19,H,40.73966989,73.99239781,10011,10011
112,126,MANHATTAN,18F,4410,2018-06-20 00:00:00,18,F,40.74068413,74.00114124,10011,10011
113,125,MANHATTAN,18E,5365,2018-06-20 00:00:00,18,E,40.74221035,74.00477088,10011,10011
114,95,MANHATTAN,15H,520,2018-06-20 00:00:00,15,H,40.73151714,73.99833447,10012,10012
115,73,MANHATTAN,13H,750,2018-06-20 00:00:00,13,H,40.72744076,74.0013028,10012,10012
116,65,MANHATTAN,12J,910,2018-06-20 00:00:00,12,J,40.72235015,73.9955277,10012,10012
117,75,MANHATTAN,13J,1620,2018-06-20 00:00:00,13,J,40.72438833,73.99404353,10012,10012
118,63,MANHATTAN,12H,1750,2018-06-20 00:00:00,12,H,40.72540257,74.00278696,10012,10012
119,86,MANHATTAN,14J,2025,2018-06-20 00:00:00,14,J,40.72642652,73.99255937,10012,10012
120,84,MANHATTAN,14H,2180,2018-06-20 00:00:00,14,H,40.72947895,73.99981863,10012,10012
121,96,MANHATTAN,15I,2194,2018-06-20 00:00:00,15,I,40.72999093,73.99470484,10012,10012
122,85,MANHATTAN,14I,2270,2018-06-20 00:00:00,14,I,40.72795274,73.996189,10012,10012
123,64,MANHATTAN,12I,3905,2018-06-20 00:00:00,12,I,40.72387636,73.99915733,10012,10012
124,48,MANHATTAN,10J,1325,2018-06-20 00:00:00,10,J,40.71827377,73.99849602,10013,10013
125,45,MANHATTAN,10G,1800,2018-06-20 00:00:00,10,G,40.72285241,74.00938492,10013,10013
126,55,MANHATTAN,11J,1890,2018-06-20 00:00:00,11,J,40.72031196,73.99701186,10013,10013
127,40,MANHATTAN,9I,2065,2018-06-20 00:00:00,9,I,40.71776179,74.00360982,10013,10013
128,39,MANHATTAN,9H,2250,2018-06-20 00:00:00,9,H,40.71928801,74.00723945,10013,10013
129,41,MANHATTAN,9J,2250,2018-06-20 00:00:00,9,J,40.71623558,73.99998019,10013,10013
130,54,MANHATTAN,11I,2390,2018-06-20 00:00:00,11,I,40.72183817,74.00064149,10013,10013
131,38,MANHATTAN,9G,2515,2018-06-20 00:00:00,9,G,40.72081422,74.01086909,10013,10013
132,47,MANHATTAN,10I,3555,2018-06-20 00:00:00,10,I,40.71979998,74.00212566,10013,10013
133,46,MANHATTAN,10H,4500,2018-06-20 00:00:00,10,H,40.72132619,74.00575529,10013,10013
134,33,MANHATTAN,8H,6855,2018-06-20 00:00:00,8,H,40.71724982,74.00872362,10013,10013
135,102,MANHATTAN,16D,40,2018-06-20 00:00:00,16,D,40.73966018,74.01136884,10014,10014
136,113,MANHATTAN,17D,115,2018-06-20 00:00:00,17,D,40.74169837,74.00988467,10014,10014
137,81,MANHATTAN,14E,335,2018-06-20 00:00:00,14,E,40.73405759,74.01070753,10014,10014
138,104,MANHATTAN,16F,565,2018-06-20 00:00:00,16,F,40.73660775,74.00410957,10014,10014
139,92,MANHATTAN,15E,620,2018-06-20 00:00:00,15,E,40.73609578,74.00922337,10014,10014
140,93,MANHATTAN,15F,685,2018-06-20 00:00:00,15,F,40.73456957,74.00559374,10014,10014
141,82,MANHATTAN,14F,840,2018-06-20 00:00:00,14,F,40.73253138,74.0070779,10014,10014
142,72,MANHATTAN,13G,1020,2018-06-20 00:00:00,13,G,40.72896697,74.00493243,10014,10014
143,83,MANHATTAN,14G,1045,2018-06-20 00:00:00,14,G,40.73100516,74.00344827,10014,10014
144,103,MANHATTAN,16E,1050,2018-06-20 00:00:00,16,E,40.73813397,74.0077392,10014,10014
145,115,MANHATTAN,17F,1245,2018-06-20 00:00:00,17,F,40.73864594,74.00262541,10014,10014
146,94,MANHATTAN,15G,1340,2018-06-20 00:00:00,15,G,40.73304335,74.0019641,10014,10014
147,61,MANHATTAN,12F,1405,2018-06-20 00:00:00,12,F,40.728455,74.01004623,10014,10014
148,105,MANHATTAN,16G,1470,2018-06-20 00:00:00,16,G,40.73508154,74.00047994,10014,10014
149,52,MANHATTAN,11G,1890,2018-06-20 00:00:00,11,G,40.7248906,74.00790076,10014,10014
150,71,MANHATTAN,13F,1955,2018-06-20 00:00:00,13,F,40.73049319,74.00856206,10014,10014
151,114,MANHATTAN,17E,2145,2018-06-20 00:00:00,17,E,40.74017216,74.00625504,10014,10014
152,74,MANHATTAN,13I,2350,2018-06-20 00:00:00,13,I,40.72591455,73.99767316,10014,10014
153,62,MANHATTAN,12G,4530,2018-06-20 00:00:00,12,G,40.72692879,74.0064166,10014,10014
154,21,MANHATTAN,6H,5395,2018-06-20 00:00:00,6,H,40.71317344,74.01169195,10014,10014
155,183,MANHATTAN,23J,1930,2018-06-20 00:00:00,23,J,40.74477022,73.97920189,10016,10016
156,175,MANHATTAN,22L,1975,2018-06-20 00:00:00,22,L,40.73967961,73.97342679,10016,10016
157,173,MANHATTAN,22J,2090,2018-06-20 00:00:00,22,J,40.74273203,73.98068605,10016,10016
158,193,MANHATTAN,24J,2700,2018-06-20 00:00:00,24,J,40.74680841,73.97771772,10016,10016
159,184,MANHATTAN,23K,2850,2018-06-20 00:00:00,23,K,40.74324401,73.97557226,10016,10016
160,174,MANHATTAN,22K,3180,2018-06-20 00:00:00,22,K,40.74120582,73.97705642,10016,10016
161,192,MANHATTAN,24I,3715,2018-06-20 00:00:00,24,I,40.74833463,73.98134736,10016,10016
162,202,MANHATTAN,25I,4240,2018-06-20 00:00:00,25,I,40.75037281,73.97986319,10016,10016
163,204,MANHATTAN,25K,4340,2018-06-20 00:00:00,25,K,40.74732039,73.97260393,10016,10016
164,182,MANHATTAN,23I,4905,2018-06-20 00:00:00,23,I,40.74629644,73.98283152,10016,10016
165,172,MANHATTAN,22I,4950,2018-06-20 00:00:00,22,I,40.74425825,73.98431569,10016,10016
166,203,MANHATTAN,25J,5490,2018-06-20 00:00:00,25,J,40.7488466,73.97623356,10016,10016
167,214,MANHATTAN,26L,145,2018-06-20 00:00:00,26,L,40.74783236,73.96749013,10017,10017
168,195,MANHATTAN,24L,485,2018-06-20 00:00:00,24,L,40.74375599,73.97045846,10017,10017
169,232,MANHATTAN,28K,3000,2018-06-20 00:00:00,28,K,40.75343495,73.96815143,10017,10017
170,213,MANHATTAN,26K,3135,2018-06-20 00:00:00,26,K,40.74935858,73.97111976,10017,10017
171,223,MANHATTAN,27K,5170,2018-06-20 00:00:00,27,K,40.75139677,73.9696356,10017,10017
172,212,MANHATTAN,26J,6515,2018-06-20 00:00:00,26,J,40.75088479,73.9747494,10017,10017
173,231,MANHATTAN,28J,6720,2018-06-20 00:00:00,28,J,40.75496117,73.97178107,10017,10017
174,222,MANHATTAN,27J,7310,2018-06-20 00:00:00,27,J,40.75292298,73.97326523,10017,10017
175,211,MANHATTAN,26I,7780,2018-06-20 00:00:00,26,I,40.752411,73.97837903,10017,10017
176,230,MANHATTAN,28I,9835,2018-06-20 00:00:00,28,I,40.75648738,73.9754107,10017,10017
177,196,MANHATTAN,25C,95,2018-06-20 00:00:00,25,C,40.75953009,74.00164099,10018,10018
178,197,MANHATTAN,25D,1055,2018-06-20 00:00:00,25,D,40.75800388,73.99801136,10018,10018
179,198,MANHATTAN,25E,1770,2018-06-20 00:00:00,25,E,40.75647767,73.99438173,10018,10018
180,199,MANHATTAN,25F,4195,2018-06-20 00:00:00,25,F,40.75495145,73.99075209,10018,10018
181,191,MANHATTAN,24H,4665,2018-06-20 00:00:00,24,H,40.74986084,73.98497699,10018,10018
182,190,MANHATTAN,24G,5320,2018-06-20 00:00:00,24,G,40.75138705,73.98860662,10018,10018
183,200,MANHATTAN,25G,7165,2018-06-20 00:00:00,25,G,40.75342524,73.98712246,10018,10018
184,201,MANHATTAN,25H,7420,2018-06-20 00:00:00,25,H,40.75189903,73.98349283,10018,10018
185,189,MANHATTAN,24F,7654,2018-06-20 00:00:00,24,F,40.75291327,73.99223626,10018,10018
186,234,MANHATTAN,29C,415,2018-06-20 00:00:00,29,C,40.76768285,73.99570434,10019,10019
187,245,MANHATTAN,30C,780,2018-06-20 00:00:00,30,C,40.76972104,73.99422017,10019,10019
188,224,MANHATTAN,28C,1260,2018-06-20 00:00:00,28,C,40.76564466,73.9971885,10019,10019
189,226,MANHATTAN,28E,1315,2018-06-20 00:00:00,28,E,40.76259223,73.98992923,10019,10019
190,235,MANHATTAN,29D,1610,2018-06-20 00:00:00,29,D,40.76615664,73.9920747,10019,10019
191,247,MANHATTAN,30E,1890,2018-06-20 00:00:00,30,E,40.76666861,73.98696091,10019,10019
192,188,MANHATTAN,24E,1990,2018-06-20 00:00:00,24,E,40.75443948,73.99586589,10019,10019
193,236,MANHATTAN,29E,2050,2018-06-20 00:00:00,29,E,40.76463042,73.98844507,10019,10019
194,225,MANHATTAN,28D,2355,2018-06-20 00:00:00,28,D,40.76411845,73.99355887,10019,10019
195,257,MANHATTAN,31E,2540,2018-06-20 00:00:00,31,E,40.7687068,73.98547674,10019,10019
196,256,MANHATTAN,31D,4095,2018-06-20 00:00:00,31,D,40.77023301,73.98910638,10019,10019
197,237,MANHATTAN,29F,4164,2018-06-20 00:00:00,29,F,40.76310421,73.98481544,10019,10019
198,246,MANHATTAN,30D,4525,2018-06-20 00:00:00,30,D,40.76819483,73.99059054,10019,10019
199,260,MANHATTAN,31H,4755,2018-06-20 00:00:00,31,H,40.76412816,73.97458784,10019,10019
200,258,MANHATTAN,31F,4930,2018-06-20 00:00:00,31,F,40.76718059,73.98184711,10019,10019
201,259,MANHATTAN,31G,5254,2018-06-20 00:00:00,31,G,40.76565437,73.97821748,10019,10019
202,249,MANHATTAN,30G,6530,2018-06-20 00:00:00,30,G,40.76361619,73.97970164,10019,10019
203,248,MANHATTAN,30F,7170,2018-06-20 00:00:00,30,F,40.7651424,73.98333127,10019,10019
204,250,MANHATTAN,30H,7550,2018-06-20 00:00:00,30,H,40.76208997,73.97607201,10019,10019
205,261,MANHATTAN,31I,7550,2018-06-20 00:00:00,31,I,40.76260195,73.97095821,10019,10019
206,238,MANHATTAN,29G,8116,2018-06-20 00:00:00,29,G,40.761578,73.9811858,10019,10019
207,239,MANHATTAN,29H,8600,2018-06-20 00:00:00,29,H,40.76005178,73.97755617,10019,10019
208,221,MANHATTAN,27I,6715,2018-06-20 00:00:00,27,I,40.75444919,73.97689487,10020,10020
209,229,MANHATTAN,28H,7290,2018-06-20 00:00:00,28,H,40.75801359,73.97904033,10020,10020
210,318,MANHATTAN,36L,1010,2018-06-20 00:00:00,36,L,40.76821425,73.95264849,10021,10021
211,316,MANHATTAN,36J,1415,2018-06-20 00:00:00,36,J,40.77126668,73.95990775,10021,10021
212,315,MANHATTAN,36I,1645,2018-06-20 00:00:00,36,I,40.77279289,73.96353739,10021,10021
213,273,MANHATTAN,32K,1875,2018-06-20 00:00:00,32,K,40.76158771,73.96221478,10021,10021
214,306,MANHATTAN,35J,2040,2018-06-20 00:00:00,35,J,40.76922849,73.96139192,10021,10021
215,305,MANHATTAN,35I,2220,2018-06-20 00:00:00,35,I,40.7707547,73.96502155,10021,10021
216,317,MANHATTAN,36K,2340,2018-06-20 00:00:00,36,K,40.76974047,73.95627812,10021,10021
217,307,MANHATTAN,35K,2825,2018-06-20 00:00:00,35,K,40.76770228,73.95776229,10021,10021
218,308,MANHATTAN,35L,5440,2018-06-20 00:00:00,35,L,40.76617606,73.95413265,10021,10021
219,265,MANHATTAN,31M,135,2018-06-20 00:00:00,31,M,40.75649709,73.95643968,10022,10022
220,264,MANHATTAN,31L,1020,2018-06-20 00:00:00,31,L,40.75802331,73.96006931,10022,10022
221,254,MANHATTAN,30L,1265,2018-06-20 00:00:00,30,L,40.75598512,73.96155347,10022,10022
222,263,MANHATTAN,31K,1770,2018-06-20 00:00:00,31,K,40.75954952,73.96369894,10022,10022
223,255,MANHATTAN,31C,1840,2018-06-20 00:00:00,31,C,40.77175923,73.99273601,10022,10022
224,242,MANHATTAN,29K,2390,2018-06-20 00:00:00,29,K,40.75547314,73.96666727,10022,10022
225,253,MANHATTAN,30K,3100,2018-06-20 00:00:00,30,K,40.75751133,73.96518311,10022,10022
226,252,MANHATTAN,30J,4760,2018-06-20 00:00:00,30,J,40.75903755,73.96881274,10022,10022
227,241,MANHATTAN,29J,5471,2018-06-20 00:00:00,29,J,40.75699936,73.9702969,10022,10022
228,262,MANHATTAN,31J,5740,2018-06-20 00:00:00,31,J,40.76107573,73.96732858,10022,10022
229,240,MANHATTAN,29I,6470,2018-06-20 00:00:00,29,I,40.75852557,73.97392654,10022,10022
230,251,MANHATTAN,30I,7815,2018-06-20 00:00:00,30,I,40.76056376,73.97244237,10022,10022
231,281,MANHATTAN,33G,20,2018-06-20 00:00:00,33,G,40.76973075,73.97524915,10023,10023
232,313,MANHATTAN,36F,490,2018-06-20 00:00:00,36,F,40.77737153,73.97442629,10023,10023
233,270,MANHATTAN,32H,550,2018-06-20 00:00:00,32,H,40.76616635,73.97310368,10023,10023
234,303,MANHATTAN,35F,580,2018-06-20 00:00:00,35,F,40.77533334,73.97591045,10023,10023
235,282,MANHATTAN,33H,665,2018-06-20 00:00:00,33,H,40.76820454,73.97161951,10023,10023
236,280,MANHATTAN,33F,765,2018-06-20 00:00:00,33,F,40.77125697,73.97887878,10023,10023
237,312,MANHATTAN,36E,820,2018-06-20 00:00:00,36,E,40.77889775,73.97805592,10023,10023
238,324,MANHATTAN,37F,995,2018-06-20 00:00:00,37,F,40.77940972,73.97294212,10023,10023
239,292,MANHATTAN,34F,1330,2018-06-20 00:00:00,34,F,40.77329515,73.97739462,10023,10023
240,300,MANHATTAN,35C,1640,2018-06-20 00:00:00,35,C,40.77991198,73.98679935,10023,10023
241,311,MANHATTAN,36D,1760,2018-06-20 00:00:00,36,D,40.78042396,73.98168555,10023,10023
242,302,MANHATTAN,35E,1785,2018-06-20 00:00:00,35,E,40.77685956,73.97954009,10023,10023
243,301,MANHATTAN,35D,1985,2018-06-20 00:00:00,35,D,40.77838577,73.98316972,10023,10023
244,290,MANHATTAN,34D,2250,2018-06-20 00:00:00,34,D,40.77634758,73.98465388,10023,10023
245,279,MANHATTAN,33E,2375,2018-06-20 00:00:00,33,E,40.77278318,73.98250841,10023,10023
246,268,MANHATTAN,32E,2475,2018-06-20 00:00:00,32,E,40.77074499,73.98399258,10023,10023
247,269,MANHATTAN,32F,2540,2018-06-20 00:00:00,32,F,40.76921878,73.98036294,10023,10023
248,291,MANHATTAN,34E,2575,2018-06-20 00:00:00,34,E,40.77482137,73.98102425,10023,10023
249,336,MANHATTAN,38G,90,2018-06-20 00:00:00,38,G,40.7799217,73.96782833,10024,10024
250,335,MANHATTAN,38F,370,2018-06-20 00:00:00,38,F,40.78144791,73.97145796,10024,10024
251,323,MANHATTAN,37E,450,2018-06-20 00:00:00,37,E,40.78093593,73.97657176,10024,10024
252,375,MANHATTAN,42C,455,2018-06-20 00:00:00,42,C,40.79417931,73.9764102,10024,10024
253,332,MANHATTAN,38C,460,2018-06-20 00:00:00,38,C,40.78602655,73.98234686,10024,10024
254,321,MANHATTAN,37C,465,2018-06-20 00:00:00,37,C,40.78398836,73.98383102,10024,10024
255,368,MANHATTAN,41F,470,2018-06-20 00:00:00,41,F,40.78756248,73.96700547,10024,10024
256,347,MANHATTAN,39F,475,2018-06-20 00:00:00,39,F,40.7834861,73.9699738,10024,10024
257,365,MANHATTAN,41C,560,2018-06-20 00:00:00,41,C,40.79214112,73.97789437,10024,10024
258,358,MANHATTAN,40F,595,2018-06-20 00:00:00,40,F,40.78552429,73.96848963,10024,10024
259,357,MANHATTAN,40E,735,2018-06-20 00:00:00,40,E,40.7870505,73.97211926,10024,10024
260,344,MANHATTAN,39C,750,2018-06-20 00:00:00,39,C,40.78806474,73.9808627,10024,10024
261,346,MANHATTAN,39E,965,2018-06-20 00:00:00,39,E,40.78501231,73.97360343,10024,10024
262,355,MANHATTAN,40C,1000,2018-06-20 00:00:00,40,C,40.79010293,73.97937853,10024,10024
263,367,MANHATTAN,41E,1275,2018-06-20 00:00:00,41,E,40.78908869,73.9706351,10024,10024
264,345,MANHATTAN,39D,1435,2018-06-20 00:00:00,39,D,40.78653853,73.97723306,10024,10024
265,356,MANHATTAN,40D,1665,2018-06-20 00:00:00,40,D,40.78857671,73.9757489,10024,10024
266,366,MANHATTAN,41D,2015,2018-06-20 00:00:00,41,D,40.7906149,73.97426473,10024,10024
267,322,MANHATTAN,37D,2160,2018-06-20 00:00:00,37,D,40.78246215,73.98020139,10024,10024
268,334,MANHATTAN,38E,2160,2018-06-20 00:00:00,38,E,40.78297412,73.97508759,10024,10024
269,333,MANHATTAN,38D,2170,2018-06-20 00:00:00,38,D,40.78450034,73.97871723,10024,10024
270,395,MANHATTAN,44F,265,2018-06-20 00:00:00,44,F,40.79367704,73.96255297,10025,10025
271,378,MANHATTAN,42F,345,2018-06-20 00:00:00,42,F,40.78960067,73.9655213,10025,10025
272,410,MANHATTAN,46C,390,2018-06-20 00:00:00,46,C,40.80233206,73.97047355,10025,10025
273,404,MANHATTAN,45F,410,2018-06-20 00:00:00,45,F,40.79571523,73.96106881,10025,10025
274,392,MANHATTAN,44C,435,2018-06-20 00:00:00,44,C,40.79825568,73.97344187,10025,10025
275,401,MANHATTAN,45C,465,2018-06-20 00:00:00,45,C,40.80029387,73.97195771,10025,10025
276,413,MANHATTAN,46F,520,2018-06-20 00:00:00,46,F,40.79775342,73.95958465,10025,10025
277,387,MANHATTAN,43F,550,2018-06-20 00:00:00,43,F,40.79163885,73.96403714,10025,10025
278,384,MANHATTAN,43C,620,2018-06-20 00:00:00,43,C,40.79621749,73.97492604,10025,10025
279,420,MANHATTAN,47D,660,2018-06-20 00:00:00,47,D,40.80284404,73.96535975,10025,10025
280,412,MANHATTAN,46E,685,2018-06-20 00:00:00,46,E,40.79927963,73.96321428,10025,10025
281,419,MANHATTAN,47C,690,2018-06-20 00:00:00,47,C,40.80437025,73.96898938,10025,10025
282,403,MANHATTAN,45E,740,2018-06-20 00:00:00,45,E,40.79724145,73.96469844,10025,10025
283,438,MANHATTAN,49C,900,2018-06-20 00:00:00,49,C,40.80844663,73.96602105,10025,10025
284,394,MANHATTAN,44E,1040,2018-06-20 00:00:00,44,E,40.79520326,73.96618261,10025,10025
285,377,MANHATTAN,42E,1095,2018-06-20 00:00:00,42,E,40.79112688,73.96915094,10025,10025
286,421,MANHATTAN,47E,1200,2018-06-20 00:00:00,47,E,40.80131782,73.96173011,10025,10025
287,411,MANHATTAN,46D,1240,2018-06-20 00:00:00,46,D,40.80080585,73.96684391,10025,10025
288,402,MANHATTAN,45D,1350,2018-06-20 00:00:00,45,D,40.79876766,73.96832808,10025,10025
289,386,MANHATTAN,43E,1470,2018-06-20 00:00:00,43,E,40.79316507,73.96766677,10025,10025
290,385,MANHATTAN,43D,1490,2018-06-20 00:00:00,43,D,40.79469128,73.9712964,10025,10025
291,376,MANHATTAN,42D,1500,2018-06-20 00:00:00,42,D,40.79265309,73.97278057,10025,10025
292,393,MANHATTAN,44D,1583,2018-06-20 00:00:00,44,D,40.79672947,73.96981224,10025,10025
293,430,MANHATTAN,48D,1975,2018-06-20 00:00:00,48,D,40.80488223,73.96387558,10025,10025
294,423,MANHATTAN,47G,60,2018-06-20 00:00:00,47,G,40.7982654,73.95447085,10026,10026
295,422,MANHATTAN,47F,390,2018-06-20 00:00:00,47,F,40.79979161,73.95810048,10026,10026
296,424,MANHATTAN,47H,390,2018-06-20 00:00:00,47,H,40.79673918,73.95084121,10026,10026
297,441,MANHATTAN,49F,655,2018-06-20 00:00:00,49,F,40.80386799,73.95513215,10026,10026
298,432,MANHATTAN,48F,695,2018-06-20 00:00:00,48,F,40.8018298,73.95661632,10026,10026
299,453,MANHATTAN,50H,750,2018-06-20 00:00:00,50,H,40.80285375,73.94638872,10026,10026
300,442,MANHATTAN,49G,770,2018-06-20 00:00:00,49,G,40.80234177,73.95150252,10026,10026
301,451,MANHATTAN,50F,895,2018-06-20 00:00:00,50,F,40.80590618,73.95364799,10026,10026
302,452,MANHATTAN,50G,960,2018-06-20 00:00:00,50,G,40.80437996,73.95001836,10026,10026
303,434,MANHATTAN,48H,1045,2018-06-20 00:00:00,48,H,40.79877737,73.94935705,10026,10026
304,433,MANHATTAN,48G,1300,2018-06-20 00:00:00,48,G,40.80030359,73.95298668,10026,10026
305,443,MANHATTAN,49H,1450,2018-06-20 00:00:00,49,H,40.80081556,73.94787289,10026,10026
306,482,MANHATTAN,53H,215,2018-06-20 00:00:00,53,H,40.80896832,73.94193623,10027,10027
307,460,MANHATTAN,51E,235,2018-06-20 00:00:00,51,E,40.80947058,73.95579346,10027,10027
308,467,MANHATTAN,52C,255,2018-06-20 00:00:00,52,C,40.81456119,73.96156856,10027,10027
309,496,MANHATTAN,55E,325,2018-06-20 00:00:00,55,E,40.81762333,73.9498568,10027,10027
310,479,MANHATTAN,53E,330,2018-06-20 00:00:00,53,E,40.81354696,73.95282513,10027,10027
311,440,MANHATTAN,49E,360,2018-06-20 00:00:00,49,E,40.8053942,73.95876179,10027,10027
312,431,MANHATTAN,48E,370,2018-06-20 00:00:00,48,E,40.80335601,73.96024595,10027,10027
313,461,MANHATTAN,51F,430,2018-06-20 00:00:00,51,F,40.80794437,73.95216382,10027,10027
314,469,MANHATTAN,52E,440,2018-06-20 00:00:00,52,E,40.81150877,73.95430929,10027,10027
315,489,MANHATTAN,54F,495,2018-06-20 00:00:00,54,F,40.81405893,73.94771133,10027,10027
316,490,MANHATTAN,54G,560,2018-06-20 00:00:00,54,G,40.81253272,73.9440817,10027,10027
317,477,MANHATTAN,53C,575,2018-06-20 00:00:00,53,C,40.81659938,73.9600844,10027,10027
318,478,MANHATTAN,53D,630,2018-06-20 00:00:00,53,D,40.81507317,73.95645476,10027,10027
319,458,MANHATTAN,51C,635,2018-06-20 00:00:00,51,C,40.81252301,73.96305272,10027,10027
320,462,MANHATTAN,51G,680,2018-06-20 00:00:00,51,G,40.80641815,73.94853419,10027,10027
321,472,MANHATTAN,52H,680,2018-06-20 00:00:00,52,H,40.80693013,73.94342039,10027,10027
322,480,MANHATTAN,53F,745,2018-06-20 00:00:00,53,F,40.81202074,73.9491955,10027,10027
323,448,MANHATTAN,50C,990,2018-06-20 00:00:00,50,C,40.81048482,73.96453689,10027,10027
324,468,MANHATTAN,52D,1115,2018-06-20 00:00:00,52,D,40.81303498,73.95793893,10027,10027
325,487,MANHATTAN,54D,1120,2018-06-20 00:00:00,54,D,40.81711136,73.9549706,10027,10027
326,459,MANHATTAN,51D,1150,2018-06-20 00:00:00,51,D,40.81099679,73.95942309,10027,10027
327,450,MANHATTAN,50E,1155,2018-06-20 00:00:00,50,E,40.80743239,73.95727762,10027,10027
328,481,MANHATTAN,53G,1260,2018-06-20 00:00:00,53,G,40.81049453,73.94556586,10027,10027
329,486,MANHATTAN,54C,1285,2018-06-20 00:00:00,54,C,40.81863757,73.95860023,10027,10027
330,470,MANHATTAN,52F,1575,2018-06-20 00:00:00,52,F,40.80998255,73.95067966,10027,10027
331,471,MANHATTAN,52G,1755,2018-06-20 00:00:00,52,G,40.80845634,73.94705003,10027,10027
332,449,MANHATTAN,50D,2525,2018-06-20 00:00:00,50,D,40.8089586,73.96090726,10027,10027
333,439,MANHATTAN,49D,2580,2018-06-20 00:00:00,49,D,40.80692041,73.96239142,10027,10027
334,359,MANHATTAN,40H,370,2018-06-20 00:00:00,40,H,40.78247186,73.96123036,10028,10028
335,352,MANHATTAN,39L,1070,2018-06-20 00:00:00,39,L,40.77432882,73.948196,10028,10028
336,362,MANHATTAN,40K,1495,2018-06-20 00:00:00,40,K,40.77789322,73.95034146,10028,10028
337,351,MANHATTAN,39K,1650,2018-06-20 00:00:00,39,K,40.77585503,73.95182563,10028,10028
338,341,MANHATTAN,38L,1700,2018-06-20 00:00:00,38,L,40.77229063,73.94968016,10028,10028
339,338,MANHATTAN,38I,1790,2018-06-20 00:00:00,38,I,40.77686927,73.96056906,10028,10028
340,350,MANHATTAN,39J,2130,2018-06-20 00:00:00,39,J,40.77738125,73.95545526,10028,10028
341,360,MANHATTAN,40I,2310,2018-06-20 00:00:00,40,I,40.78094565,73.95760073,10028,10028
342,339,MANHATTAN,38J,2335,2018-06-20 00:00:00,38,J,40.77534306,73.95693943,10028,10028
343,361,MANHATTAN,40J,3155,2018-06-20 00:00:00,40,J,40.77941943,73.9539711,10028,10028
344,428,MANHATTAN,47L,125,2018-06-20 00:00:00,47,L,40.79063433,73.93632268,10029,10029
345,409,MANHATTAN,45L,210,2018-06-20 00:00:00,45,L,40.78655795,73.93929101,10029,10029
346,414,MANHATTAN,46H,250,2018-06-20 00:00:00,46,H,40.79470099,73.95232538,10029,10029
347,400,MANHATTAN,44L,260,2018-06-20 00:00:00,44,L,40.78451976,73.94077517,10029,10029
348,425,MANHATTAN,47I,390,2018-06-20 00:00:00,47,I,40.79521297,73.94721158,10029,10029
349,416,MANHATTAN,46J,410,2018-06-20 00:00:00,46,J,40.79164857,73.94506611,10029,10029
350,436,MANHATTAN,48J,425,2018-06-20 00:00:00,48,J,40.79572495,73.94209778,10029,10029
351,391,MANHATTAN,43K,475,2018-06-20 00:00:00,43,K,40.78400779,73.94588897,10029,10029
352,437,MANHATTAN,48K,545,2018-06-20 00:00:00,48,K,40.79419873,73.93846815,10029,10029
353,398,MANHATTAN,44J,571,2018-06-20 00:00:00,44,J,40.78757219,73.94803444,10029,10029
354,426,MANHATTAN,47J,625,2018-06-20 00:00:00,47,J,40.79368676,73.94358195,10029,10029
355,444,MANHATTAN,49I,645,2018-06-20 00:00:00,49,I,40.79928935,73.94424325,10029,10029
356,406,MANHATTAN,45I,785,2018-06-20 00:00:00,45,I,40.79113659,73.95017991,10029,10029
357,407,MANHATTAN,45J,815,2018-06-20 00:00:00,45,J,40.78961038,73.94655028,10029,10029
358,435,MANHATTAN,48I,850,2018-06-20 00:00:00,48,I,40.79725116,73.94572742,10029,10029
359,445,MANHATTAN,49J,860,2018-06-20 00:00:00,49,J,40.79776313,73.94061362,10029,10029
360,383,MANHATTAN,42L,900,2018-06-20 00:00:00,42,L,40.78044339,73.9437435,10029,10029
361,408,MANHATTAN,45K,940,2018-06-20 00:00:00,45,K,40.78808417,73.94292064,10029,10029
362,415,MANHATTAN,46I,945,2018-06-20 00:00:00,46,I,40.79317478,73.94869575,10029,10029
363,389,MANHATTAN,43I,970,2018-06-20 00:00:00,43,I,40.78706021,73.95314824,10029,10029
364,417,MANHATTAN,46K,1010,2018-06-20 00:00:00,46,K,40.79012235,73.94143648,10029,10029
365,446,MANHATTAN,49K,1055,2018-06-20 00:00:00,49,K,40.79623692,73.93698399,10029,10029
366,427,MANHATTAN,47K,1220,2018-06-20 00:00:00,47,K,40.79216054,73.93995231,10029,10029
367,399,MANHATTAN,44K,1540,2018-06-20 00:00:00,44,K,40.78604598,73.94440481,10029,10029
368,397,MANHATTAN,44I,2975,2018-06-20 00:00:00,44,I,40.7890984,73.95166407,10029,10029
369,504,MANHATTAN,56F,285,2018-06-20 00:00:00,56,F,40.81813531,73.944743,10030,10030
370,505,MANHATTAN,56G,565,2018-06-20 00:00:00,56,G,40.8166091,73.94111337,10030,10030
371,511,MANHATTAN,57F,830,2018-06-20 00:00:00,57,F,40.8201735,73.94325884,10030,10030
372,498,MANHATTAN,55G,835,2018-06-20 00:00:00,55,G,40.81457091,73.94259753,10030,10030
373,497,MANHATTAN,55F,980,2018-06-20 00:00:00,55,F,40.81609712,73.94622717,10030,10030
374,517,MANHATTAN,58F,1000,2018-06-20 00:00:00,58,F,40.82221169,73.94177468,10030,10030
375,518,MANHATTAN,58G,1215,2018-06-20 00:00:00,58,G,40.82068547,73.93814504,10030,10030
376,512,MANHATTAN,57G,1330,2018-06-20 00:00:00,57,G,40.81864729,73.93962921,10030,10030
377,527,MANHATTAN,60E,245,2018-06-20 00:00:00,60,E,40.82781428,73.94243598,10031,10031
378,488,MANHATTAN,54E,430,2018-06-20 00:00:00,54,E,40.81558515,73.95134097,10031,10031
379,514,MANHATTAN,58C,445,2018-06-20 00:00:00,58,C,40.82679033,73.95266358,10031,10031
380,520,MANHATTAN,59C,450,2018-06-20 00:00:00,59,C,40.82882852,73.95117941,10031,10031
381,525,MANHATTAN,60C,515,2018-06-20 00:00:00,60,C,40.83086671,73.94969525,10031,10031
382,516,MANHATTAN,58E,570,2018-06-20 00:00:00,58,E,40.8237379,73.94540431,10031,10031
383,501,MANHATTAN,56C,600,2018-06-20 00:00:00,56,C,40.82271395,73.9556319,10031,10031
384,509,MANHATTAN,57D,660,2018-06-20 00:00:00,57,D,40.82322593,73.95051811,10031,10031
385,494,MANHATTAN,55C,715,2018-06-20 00:00:00,55,C,40.82067576,73.95711607,10031,10031
386,502,MANHATTAN,56D,745,2018-06-20 00:00:00,56,D,40.82118774,73.95200227,10031,10031
387,521,MANHATTAN,59D,755,2018-06-20 00:00:00,59,D,40.8273023,73.94754978,10031,10031
388,503,MANHATTAN,56E,770,2018-06-20 00:00:00,56,E,40.81966152,73.94837264,10031,10031
389,522,MANHATTAN,59E,790,2018-06-20 00:00:00,59,E,40.82577609,73.94392014,10031,10031
390,526,MANHATTAN,60D,810,2018-06-20 00:00:00,60,D,40.82934049,73.94606561,10031,10031
391,515,MANHATTAN,58D,900,2018-06-20 00:00:00,58,D,40.82526411,73.94903394,10031,10031
392,508,MANHATTAN,57C,960,2018-06-20 00:00:00,57,C,40.82475214,73.95414774,10031,10031
393,510,MANHATTAN,57E,1085,2018-06-20 00:00:00,57,E,40.82169971,73.94688847,10031,10031
394,495,MANHATTAN,55D,1255,2018-06-20 00:00:00,55,D,40.81914955,73.95348643,10031,10031
395,547,MANHATTAN,65C,5730,2018-06-20 00:00:00,65,C,40.84105765,73.94227443,10031,10031
396,549,MANHATTAN,65E,60,2018-06-20 00:00:00,65,E,40.83800522,73.93501516,10032,10032
397,530,MANHATTAN,61C,100,2018-06-20 00:00:00,61,C,40.83290489,73.94821108,10032,10032
398,541,MANHATTAN,63E,110,2018-06-20 00:00:00,63,E,40.83392885,73.93798349,10032,10032
399,546,MANHATTAN,65B,125,2018-06-20 00:00:00,65,B,40.84258386,73.94590406,10032,10032
400,553,MANHATTAN,67B,220,2018-06-20 00:00:00,67,B,40.84666024,73.94293573,10032,10032
401,545,MANHATTAN,64E,255,2018-06-20 00:00:00,64,E,40.83596703,73.93649932,10032,10032
402,537,MANHATTAN,62E,270,2018-06-20 00:00:00,62,E,40.83189066,73.93946765,10032,10032
403,543,MANHATTAN,64C,305,2018-06-20 00:00:00,64,C,40.83901946,73.94375859,10032,10032
404,532,MANHATTAN,61E,310,2018-06-20 00:00:00,61,E,40.82985247,73.94095182,10032,10032
405,531,MANHATTAN,61D,575,2018-06-20 00:00:00,61,D,40.83137868,73.94458145,10032,10032
406,536,MANHATTAN,62D,580,2018-06-20 00:00:00,62,D,40.83341687,73.94309729,10032,10032
407,551,MANHATTAN,66C,600,2018-06-20 00:00:00,66,C,40.84309584,73.94079026,10032,10032
408,552,MANHATTAN,66D,660,2018-06-20 00:00:00,66,D,40.84156963,73.93716063,10032,10032
409,539,MANHATTAN,63C,790,2018-06-20 00:00:00,63,C,40.83698127,73.94524275,10032,10032
410,544,MANHATTAN,64D,860,2018-06-20 00:00:00,64,D,40.83749325,73.94012896,10032,10032
411,535,MANHATTAN,62C,890,2018-06-20 00:00:00,62,C,40.83494308,73.94672692,10032,10032
412,540,MANHATTAN,63D,950,2018-06-20 00:00:00,63,D,40.83545506,73.94161312,10032,10032
413,550,MANHATTAN,66B,1110,2018-06-20 00:00:00,66,B,40.84462205,73.9444199,10032,10032
414,548,MANHATTAN,65D,2505,2018-06-20 00:00:00,65,D,40.83953144,73.93864479,10032,10032
415,559,MANHATTAN,69A,100,2018-06-20 00:00:00,69,A,40.85226283,73.94359704,10033,10033
416,577,MANHATTAN,75A,145,2018-06-20 00:00:00,75,A,40.86449197,73.93469205,10033,10033
417,563,MANHATTAN,70B,275,2018-06-20 00:00:00,70,B,40.85277481,73.93848324,10033,10033
418,564,MANHATTAN,70C,410,2018-06-20 00:00:00,70,C,40.85124859,73.9348536,10033,10033
419,554,MANHATTAN,67C,425,2018-06-20 00:00:00,67,C,40.84513403,73.9393061,10033,10033
420,568,MANHATTAN,71D,570,2018-06-20 00:00:00,71,D,40.85176057,73.92973981,10033,10033
421,558,MANHATTAN,68D,630,2018-06-20 00:00:00,68,D,40.845646,73.9341923,10033,10033
422,565,MANHATTAN,70D,660,2018-06-20 00:00:00,70,D,40.84972238,73.93122397,10033,10033
423,555,MANHATTAN,67D,715,2018-06-20 00:00:00,67,D,40.84360781,73.93567646,10033,10033
424,567,MANHATTAN,71C,720,2018-06-20 00:00:00,71,C,40.85328678,73.93336944,10033,10033
425,560,MANHATTAN,69B,760,2018-06-20 00:00:00,69,B,40.85073662,73.9399674,10033,10033
426,557,MANHATTAN,68C,765,2018-06-20 00:00:00,68,C,40.84717222,73.93782193,10033,10033
427,562,MANHATTAN,69D,790,2018-06-20 00:00:00,69,D,40.84768419,73.93270814,10033,10033
428,566,MANHATTAN,71B,825,2018-06-20 00:00:00,71,B,40.854813,73.93699907,10033,10033
429,561,MANHATTAN,69C,1660,2018-06-20 00:00:00,69,C,40.84921041,73.93633777,10033,10033
430,584,MANHATTAN,76E,10,2018-06-20 00:00:00,76,E,40.8604253,73.91868935,10034,10034
431,599,MANHATTAN,81E,40,2018-06-20 00:00:00,81,E,40.87061625,73.91126853,10034,10034
432,597,MANHATTAN,81C,80,2018-06-20 00:00:00,81,C,40.87366867,73.9185278,10034,10034
433,592,MANHATTAN,79C,95,2018-06-20 00:00:00,79,C,40.86959229,73.92149613,10034,10034
434,596,MANHATTAN,80E,95,2018-06-20 00:00:00,80,E,40.86857806,73.9127527,10034,10034
435,589,MANHATTAN,78B,125,2018-06-20 00:00:00,78,B,40.86908032,73.92660992,10034,10034
436,578,MANHATTAN,75B,135,2018-06-20 00:00:00,75,B,40.86296575,73.93106242,10034,10034
437,595,MANHATTAN,80D,175,2018-06-20 00:00:00,80,D,40.87010427,73.91638233,10034,10034
438,588,MANHATTAN,77E,220,2018-06-20 00:00:00,77,E,40.86246349,73.91720519,10034,10034
439,580,MANHATTAN,75D,300,2018-06-20 00:00:00,75,D,40.85991333,73.92380315,10034,10034
440,594,MANHATTAN,80C,335,2018-06-20 00:00:00,80,C,40.87163048,73.92001196,10034,10034
441,585,MANHATTAN,77B,345,2018-06-20 00:00:00,77,B,40.86704213,73.92809409,10034,10034
442,581,MANHATTAN,76B,380,2018-06-20 00:00:00,76,B,40.86500394,73.92957825,10034,10034
443,583,MANHATTAN,76D,450,2018-06-20 00:00:00,76,D,40.86195151,73.92231899,10034,10034
444,590,MANHATTAN,78C,560,2018-06-20 00:00:00,78,C,40.86755411,73.92298029,10034,10034
445,586,MANHATTAN,77C,640,2018-06-20 00:00:00,77,C,40.86551592,73.92446446,10034,10034
446,591,MANHATTAN,78D,700,2018-06-20 00:00:00,78,D,40.86602789,73.91935066,10034,10034
447,593,MANHATTAN,79D,785,2018-06-20 00:00:00,79,D,40.86806608,73.91786649,10034,10034
448,587,MANHATTAN,77D,925,2018-06-20 00:00:00,77,D,40.8639897,73.92083482,10034,10034
449,598,MANHATTAN,81D,1130,2018-06-20 00:00:00,81,D,40.87214246,73.91489817,10034,10034
450,534,MANHATTAN,61G,90,2018-06-20 00:00:00,61,G,40.82680004,73.93369255,10035,10035
451,447,MANHATTAN,49L,130,2018-06-20 00:00:00,49,L,40.79471071,73.93335435,10035,10035
452,485,MANHATTAN,53K,135,2018-06-20 00:00:00,53,K,40.80438968,73.93104733,10035,10035
453,466,MANHATTAN,51L,185,2018-06-20 00:00:00,51,L,40.79878709,73.93038602,10035,10035
454,475,MANHATTAN,52K,270,2018-06-20 00:00:00,52,K,40.80235149,73.93253149,10035,10035
455,476,MANHATTAN,52N,295,2018-06-20 00:00:00,52,N,40.79777285,73.92164259,10035,10035
456,484,MANHATTAN,53J,320,2018-06-20 00:00:00,53,J,40.80591589,73.93467696,10035,10035
457,418,MANHATTAN,46L,325,2018-06-20 00:00:00,46,L,40.78859614,73.93780685,10035,10035
458,456,MANHATTAN,50K,405,2018-06-20 00:00:00,50,K,40.79827511,73.93549982,10035,10035
459,542,MANHATTAN,63F,470,2018-06-20 00:00:00,63,F,40.83240263,73.93435385,10035,10035
460,454,MANHATTAN,50I,555,2018-06-20 00:00:00,50,I,40.80132754,73.94275909,10035,10035
461,474,MANHATTAN,52J,600,2018-06-20 00:00:00,52,J,40.8038777,73.93616113,10035,10035
462,396,MANHATTAN,44H,620,2018-06-20 00:00:00,44,H,40.79062462,73.95529371,10035,10035
463,465,MANHATTAN,51K,675,2018-06-20 00:00:00,51,K,40.8003133,73.93401566,10035,10035
464,483,MANHATTAN,53I,730,2018-06-20 00:00:00,53,I,40.8074421,73.9383066,10035,10035
465,473,MANHATTAN,52I,860,2018-06-20 00:00:00,52,I,40.80540391,73.93979076,10035,10035
466,463,MANHATTAN,51I,955,2018-06-20 00:00:00,51,I,40.80336573,73.94127492,10035,10035
467,464,MANHATTAN,51J,1060,2018-06-20 00:00:00,51,J,40.80183951,73.93764529,10035,10035
468,455,MANHATTAN,50J,1120,2018-06-20 00:00:00,50,J,40.79980132,73.93912946,10035,10035
469,457,MANHATTAN,50L,1385,2018-06-20 00:00:00,50,L,40.7967489,73.93187019,10035,10035
470,390,MANHATTAN,43J,1965,2018-06-20 00:00:00,43,J,40.785534,73.9495186,10035,10035
471,348,MANHATTAN,39H,2080,2018-06-20 00:00:00,39,H,40.78043367,73.96271453,10035,10035
472,337,MANHATTAN,38H,2255,2018-06-20 00:00:00,38,H,40.77839548,73.96419869,10035,10035
473,215,MANHATTAN,27C,245,2018-06-20 00:00:00,27,C,40.76360647,73.99867267,10036,10036
474,216,MANHATTAN,27D,1180,2018-06-20 00:00:00,27,D,40.76208026,73.99504303,10036,10036
475,217,MANHATTAN,27E,1520,2018-06-20 00:00:00,27,E,40.76055405,73.9914134,10036,10036
476,206,MANHATTAN,26D,2530,2018-06-20 00:00:00,26,D,40.76004207,73.9965272,10036,10036
477,205,MANHATTAN,26C,2690,2018-06-20 00:00:00,26,C,40.76156828,74.00015683,10036,10036
478,207,MANHATTAN,26E,2730,2018-06-20 00:00:00,26,E,40.75851586,73.99289756,10036,10036
479,218,MANHATTAN,27F,4581,2018-06-20 00:00:00,27,F,40.75902783,73.98778377,10036,10036
480,210,MANHATTAN,26H,5405,2018-06-20 00:00:00,26,H,40.75393722,73.98200866,10036,10036
481,227,MANHATTAN,28F,5905,2018-06-20 00:00:00,28,F,40.76106602,73.9862996,10036,10036
482,219,MANHATTAN,27G,7405,2018-06-20 00:00:00,27,G,40.75750162,73.98415413,10036,10036
483,220,MANHATTAN,27H,7445,2018-06-20 00:00:00,27,H,40.75597541,73.9805245,10036,10036
484,208,MANHATTAN,26F,8940,2018-06-20 00:00:00,26,F,40.75698964,73.98926793,10036,10036
485,209,MANHATTAN,26G,9713,2018-06-20 00:00:00,26,G,40.75546343,73.9856383,10036,10036
486,493,MANHATTAN,54J,140,2018-06-20 00:00:00,54,J,40.80795408,73.9331928,10037,10037
487,513,MANHATTAN,57H,350,2018-06-20 00:00:00,57,H,40.81712107,73.93599957,10037,10037
488,492,MANHATTAN,54I,370,2018-06-20 00:00:00,54,I,40.80948029,73.93682243,10037,10037
489,500,MANHATTAN,55I,470,2018-06-20 00:00:00,55,I,40.81151848,73.93533827,10037,10037
490,491,MANHATTAN,54H,705,2018-06-20 00:00:00,54,H,40.81100651,73.94045207,10037,10037
491,349,MANHATTAN,39I,1215,2018-06-20 00:00:00,39,I,40.77890746,73.9590849,10037,10037
492,499,MANHATTAN,55H,1280,2018-06-20 00:00:00,55,H,40.81304469,73.9389679,10037,10037
493,506,MANHATTAN,56H,1620,2018-06-20 00:00:00,56,H,40.81508288,73.93748374,10037,10037
494,14,MANHATTAN,4K,100,2018-06-20 00:00:00,4,K,40.70451842,74.00377138,10038,10038
495,30,MANHATTAN,7K,240,2018-06-20 00:00:00,7,K,40.71063299,73.99931888,10038,10038
496,31,MANHATTAN,7L,360,2018-06-20 00:00:00,7,L,40.70910677,73.99568925,10038,10038
497,19,MANHATTAN,5K,660,2018-06-20 00:00:00,5,K,40.70655661,74.00228721,10038,10038
498,24,MANHATTAN,6K,700,2018-06-20 00:00:00,6,K,40.7085948,74.00080305,10038,10038
499,36,MANHATTAN,8K,1165,2018-06-20 00:00:00,8,K,40.71267118,73.99783472,10038,10038
500,29,MANHATTAN,7J,2045,2018-06-20 00:00:00,7,J,40.7121592,74.00294852,10038,10038
501,23,MANHATTAN,6J,3445,2018-06-20 00:00:00,6,J,40.71012101,74.00443268,10038,10038
502,17,MANHATTAN,5I,6900,2018-06-20 00:00:00,5,I,40.70960904,74.00954648,10038,10038
503,18,MANHATTAN,5J,7175,2018-06-20 00:00:00,5,J,40.70808282,74.00591684,10038,10038
504,533,MANHATTAN,61F,75,2018-06-20 00:00:00,61,F,40.82832625,73.93732218,10039,10039
505,507,MANHATTAN,56I,180,2018-06-20 00:00:00,56,I,40.81355667,73.9338541,10039,10039
506,519,MANHATTAN,58H,190,2018-06-20 00:00:00,58,H,40.81915926,73.93451541,10039,10039
507,529,MANHATTAN,60G,510,2018-06-20 00:00:00,60,G,40.82476185,73.93517671,10039,10039
508,528,MANHATTAN,60F,810,2018-06-20 00:00:00,60,F,40.82628807,73.93880635,10039,10039
509,523,MANHATTAN,59F,900,2018-06-20 00:00:00,59,F,40.82424988,73.94029051,10039,10039
510,538,MANHATTAN,62F,970,2018-06-20 00:00:00,62,F,40.83036444,73.93583802,10039,10039
511,524,MANHATTAN,59G,1590,2018-06-20 00:00:00,59,G,40.82272366,73.93666088,10039,10039
512,575,MANHATTAN,74B,170,2018-06-20 00:00:00,74,B,40.86092756,73.93254658,10040,10040
513,600,MANHATTAN,82D,175,2018-06-20 00:00:00,82,D,40.87418065,73.913414,10040,10040
514,572,MANHATTAN,73B,225,2018-06-20 00:00:00,73,B,40.85888937,73.93403075,10040,10040
515,556,MANHATTAN,68B,235,2018-06-20 00:00:00,68,B,40.84869843,73.94145157,10040,10040
516,569,MANHATTAN,72B,380,2018-06-20 00:00:00,72,B,40.85685119,73.93551491,10040,10040
517,573,MANHATTAN,73C,470,2018-06-20 00:00:00,73,C,40.85736316,73.93040111,10040,10040
518,574,MANHATTAN,73D,590,2018-06-20 00:00:00,73,D,40.85583695,73.92677148,10040,10040
519,579,MANHATTAN,75C,595,2018-06-20 00:00:00,75,C,40.86143954,73.92743278,10040,10040
520,570,MANHATTAN,72C,600,2018-06-20 00:00:00,72,C,40.85532497,73.93188528,10040,10040
521,582,MANHATTAN,76C,610,2018-06-20 00:00:00,76,C,40.86347773,73.92594862,10040,10040
522,571,MANHATTAN,72D,715,2018-06-20 00:00:00,72,D,40.85379876,73.92825564,10040,10040
523,576,MANHATTAN,74C,755,2018-06-20 00:00:00,74,C,40.85940135,73.92891695,10040,10040
524,276,MANHATTAN,32N,80,2018-06-20 00:00:00,32,N,40.75700907,73.95132588,10044,10044
525,287,MANHATTAN,33M,80,2018-06-20 00:00:00,33,M,40.76057347,73.95347135,10044,10044
526,331,MANHATTAN,37N,100,2018-06-20 00:00:00,37,N,40.76720001,73.94390506,10044,10044
527,354,MANHATTAN,39N,140,2018-06-20 00:00:00,39,N,40.77127639,73.94093673,10044,10044
528,288,MANHATTAN,33N,150,2018-06-20 00:00:00,33,N,40.75904726,73.94984171,10044,10044
529,343,MANHATTAN,38N,170,2018-06-20 00:00:00,38,N,40.7692382,73.94242089,10044,10044
530,309,MANHATTAN,35M,175,2018-06-20 00:00:00,35,M,40.76464985,73.95050302,10044,10044
531,320,MANHATTAN,36N,300,2018-06-20 00:00:00,36,N,40.76516183,73.94538922,10044,10044
532,266,MANHATTAN,32C,380,2018-06-20 00:00:00,32,C,40.77379742,73.99125184,10044,10044
533,299,MANHATTAN,34N,450,2018-06-20 00:00:00,34,N,40.76108545,73.94835755,10044,10044
534,298,MANHATTAN,34M,500,2018-06-20 00:00:00,34,M,40.76261166,73.95198718,10044,10044
535,277,MANHATTAN,33C,2250,2018-06-20 00:00:00,33,C,40.77583561,73.98976768,10044,10044
536,275,MANHATTAN,32M,160,2018-06-20 00:00:00,32,M,40.75853528,73.95495551,10065,10065
537,304,MANHATTAN,35H,655,2018-06-20 00:00:00,35,H,40.77228092,73.96865119,10065,10065
538,272,MANHATTAN,32J,1620,2018-06-20 00:00:00,32,J,40.76311392,73.96584441,10065,10065
539,286,MANHATTAN,33L,2375,2018-06-20 00:00:00,33,L,40.76209969,73.95710098,10065,10065
540,295,MANHATTAN,34J,2375,2018-06-20 00:00:00,34,J,40.7671903,73.96287608,10065,10065
541,285,MANHATTAN,33K,2425,2018-06-20 00:00:00,33,K,40.7636259,73.96073061,10065,10065
542,294,MANHATTAN,34I,2545,2018-06-20 00:00:00,34,I,40.76871651,73.96650572,10065,10065
543,296,MANHATTAN,34K,2790,2018-06-20 00:00:00,34,K,40.76566409,73.95924645,10065,10065
544,284,MANHATTAN,33J,3105,2018-06-20 00:00:00,33,J,40.76515211,73.96436025,10065,10065
545,297,MANHATTAN,34L,4160,2018-06-20 00:00:00,34,L,40.76413787,73.95561682,10065,10065
546,310,MANHATTAN,36C,690,2018-06-20 00:00:00,36,C,40.78195017,73.98531519,10069,10069
547,289,MANHATTAN,34C,1110,2018-06-20 00:00:00,34,C,40.77787379,73.98828352,10069,10069
548,278,MANHATTAN,33D,1745,2018-06-20 00:00:00,33,D,40.77430939,73.98613805,10069,10069
549,267,MANHATTAN,32D,2225,2018-06-20 00:00:00,32,D,40.7722712,73.98762221,10069,10069
550,388,MANHATTAN,43H,300,2018-06-20 00:00:00,43,H,40.78858643,73.95677787,10075,10075
551,325,MANHATTAN,37H,450,2018-06-20 00:00:00,37,H,40.77635729,73.96568286,10075,10075
552,314,MANHATTAN,36H,625,2018-06-20 00:00:00,36,H,40.77431911,73.96716702,10075,10075
553,329,MANHATTAN,37L,1125,2018-06-20 00:00:00,37,L,40.77025244,73.95116432,10075,10075
554,327,MANHATTAN,37J,1375,2018-06-20 00:00:00,37,J,40.77330487,73.95842359,10075,10075
555,328,MANHATTAN,37K,1910,2018-06-20 00:00:00,37,K,40.77177865,73.95479396,10075,10075
556,340,MANHATTAN,38K,1940,2018-06-20 00:00:00,38,K,40.77381684,73.95330979,10075,10075
557,326,MANHATTAN,37I,3290,2018-06-20 00:00:00,37,I,40.77483108,73.96205322,10075,10075
558,228,MANHATTAN,28G,10721,2018-06-20 00:00:00,28,G,40.75953981,73.98266997,10111,10111
559,429,MANHATTAN,48C,485,2018-06-20 00:00:00,48,C,40.80640844,73.96750522,10115,10115
560,379,MANHATTAN,42H,415,2018-06-20 00:00:00,42,H,40.78654824,73.95826204,10128,10128
561,369,MANHATTAN,41H,490,2018-06-20 00:00:00,41,H,40.78451005,73.9597462,10128,10128
562,363,MANHATTAN,40L,930,2018-06-20 00:00:00,40,L,40.77636701,73.94671183,10128,10128
563,380,MANHATTAN,42I,1080,2018-06-20 00:00:00,42,I,40.78502203,73.9546324,10128,10128
564,373,MANHATTAN,41L,1415,2018-06-20 00:00:00,41,L,40.7784052,73.94522767,10128,10128
565,382,MANHATTAN,42K,1590,2018-06-20 00:00:00,42,K,40.7819696,73.94737314,10128,10128
566,381,MANHATTAN,42J,1690,2018-06-20 00:00:00,42,J,40.78349581,73.95100277,10128,10128
567,371,MANHATTAN,41J,1730,2018-06-20 00:00:00,41,J,40.78145762,73.95248693,10128,10128
568,372,MANHATTAN,41K,1835,2018-06-20 00:00:00,41,K,40.77993141,73.9488573,10128,10128
569,370,MANHATTAN,41I,2035,2018-06-20 00:00:00,41,I,40.78298384,73.95611657,10128,10128
570,405,MANHATTAN,45H,320,2018-06-20 00:00:00,45,H,40.79266281,73.95380954,10129,10018
571,293,MANHATTAN,34H,395,2018-06-20 00:00:00,34,H,40.77024273,73.97013535,10153,10153
572,283,MANHATTAN,33I,1680,2018-06-20 00:00:00,33,I,40.76667833,73.96798988,10153,10153
573,271,MANHATTAN,32I,4045,2018-06-20 00:00:00,32,I,40.76464014,73.96947404,10153,10153
574,243,MANHATTAN,29L,760,2018-06-20 00:00:00,29,L,40.75394693,73.96303764,10155,10022
575,274,MANHATTAN,32L,1355,2018-06-20 00:00:00,32,L,40.7600615,73.95858514,10155,10022
576,233,MANHATTAN,28L,1905,2018-06-20 00:00:00,28,L,40.75190874,73.9645218,10155,10022
577,185,MANHATTAN,23L,960,2018-06-20 00:00:00,23,L,40.7417178,73.97194262,10158,10016
578,194,MANHATTAN,24K,1887,2018-06-20 00:00:00,24,K,40.7452822,73.97408809,10158,10016
579,330,MANHATTAN,37M,40,2018-06-20 00:00:00,37,M,40.76872623,73.94753469,10162,10162
580,374,MANHATTAN,41M,100,2018-06-20 00:00:00,41,M,40.77687898,73.94159803,10162,10162
581,364,MANHATTAN,40M,380,2018-06-20 00:00:00,40,M,40.77484079,73.9430822,10162,10162
582,342,MANHATTAN,38M,440,2018-06-20 00:00:00,38,M,40.77076442,73.94605053,10162,10162
583,319,MANHATTAN,36M,480,2018-06-20 00:00:00,36,M,40.76668804,73.94901885,10162,10162
584,353,MANHATTAN,39M,600,2018-06-20 00:00:00,39,M,40.77280261,73.94456636,10162,10162
585,187,MANHATTAN,24D,730,2018-06-20 00:00:00,24,D,40.75596569,73.99949552,10199,10199
586,1,MANHATTAN,1I,50,2018-06-20 00:00:00,1,I,40.70145628,74.01548313,10275,10004
587,22,MANHATTAN,6I,4860,2018-06-20 00:00:00,6,I,40.71164723,74.00806231,10279,10279
588,6,MANHATTAN,3G,180,2018-06-20 00:00:00,3,G,40.70858509,74.01977407,10280,10280
589,10,MANHATTAN,4G,520,2018-06-20 00:00:00,4,G,40.71062327,74.01828991,10280,10280
590,3,MANHATTAN,2H,1815,2018-06-20 00:00:00,2,H,40.70502068,74.0176286,10280,10280
591,7,MANHATTAN,3H,1870,2018-06-20 00:00:00,3,H,40.70705887,74.01614444,10281,10280
592,51,MANHATTAN,11F,80,2018-06-20 00:00:00,11,F,40.72641681,74.01153039,10282,10282
593,25,MANHATTAN,7F,160,2018-06-20 00:00:00,7,F,40.71826405,74.01746705,10282,10282
594,44,MANHATTAN,10F,200,2018-06-20 00:00:00,10,F,40.72437862,74.01301456,10282,10282
595,32,MANHATTAN,8G,1305,2018-06-20 00:00:00,8,G,40.71877603,74.01235325,10282,10282
596,26,MANHATTAN,7G,2000,2018-06-20 00:00:00,7,G,40.71673784,74.01383742,10282,10282
597,20,MANHATTAN,6G,4245,2018-06-20 00:00:00,6,G,40.71469965,74.01532158,10282,10282
598,15,MANHATTAN,5G,1225,2018-06-20 00:00:00,5,G,40.71266146,74.01680574,10285,10282
599,244,MANHATTAN,29M,15,2018-06-20 00:00:00,29,M,40.75242072,73.959408,11109,11109
