ID,Borough,NAID,Network Area Hosting Capacity (kVA),Updated Date,LongRef,LatRef,Long,Lat,Zip
392,BRONX,24C,245,6/20/2018,24,C,40.85170386,73.92559518,10034
505,BRONX,33G,605,6/20/2018,33,G,40.87318356,73.9102242,10034
128,BRONX,11A,15,6/20/2018,11,A,40.821266,73.93206982,10039
214,BRONX,15A,175,6/20/2018,15,A,40.83053565,73.93263964,10039
374,BRONX,23C,80,6/20/2018,23,C,40.84938645,73.92545273,10040
173,BRONX,13A,15,6/20/2018,13,A,40.82590083,73.93235473,10451
103,BRONX,10A,30,6/20/2018,10,A,40.81894859,73.93192737,10451
108,BRONX,10C,40,6/20/2018,10,C,40.81926009,73.92360084,10451
39,BRONX,6A,90,6/20/2018,6,A,40.80967894,73.93135756,10451
133,BRONX,11D,95,6/20/2018,11,D,40.82173325,73.91958003,10451
67,BRONX,8A,160,6/20/2018,8,A,40.81431377,73.93164247,10451
174,BRONX,13B,165,6/20/2018,13,B,40.82605658,73.92819146,10451
131,BRONX,11B,200,6/20/2018,11,B,40.82142175,73.92790656,10451
82,BRONX,9A,260,6/20/2018,9,A,40.81663118,73.93178492,10451
177,BRONX,13E,305,6/20/2018,13,E,40.82652382,73.91570167,10451
175,BRONX,13C,327,6/20/2018,13,C,40.82621232,73.9240282,10451
70,BRONX,8C,345,6/20/2018,8,C,40.81462526,73.92331593,10451
154,BRONX,12B,365,6/20/2018,12,B,40.82373916,73.92804901,10451
53,BRONX,7B,396,6/20/2018,7,B,40.8121521,73.92733675,10451
135,BRONX,11F,425,6/20/2018,11,F,40.82204474,73.9112535,10451
132,BRONX,11C,430,6/20/2018,11,C,40.8215775,73.92374329,10451
157,BRONX,12E,485,6/20/2018,12,E,40.82420641,73.91555922,10451
151,BRONX,12A,490,6/20/2018,12,A,40.82358341,73.93221228,10451
197,BRONX,14D,550,6/20/2018,14,D,40.82868548,73.92000739,10451
69,BRONX,8B,555,6/20/2018,8,B,40.81446951,73.9274792,10451
134,BRONX,11E,555,6/20/2018,11,E,40.821889,73.91541676,10451
109,BRONX,10D,575,6/20/2018,10,D,40.81941584,73.91943757,10451
195,BRONX,14B,600,6/20/2018,14,B,40.82837399,73.92833392,10451
107,BRONX,10B,687,6/20/2018,10,B,40.81910434,73.92776411,10451
86,BRONX,9D,778,6/20/2018,9,D,40.81709842,73.91929512,10451
84,BRONX,9B,910,6/20/2018,9,B,40.81678693,73.92762165,10451
111,BRONX,10F,910,6/20/2018,10,F,40.81972733,73.91111104,10451
155,BRONX,12C,1075,6/20/2018,12,C,40.82389491,73.92388575,10451
156,BRONX,12D,1191,6/20/2018,12,D,40.82405066,73.91972248,10451
176,BRONX,13D,1860,6/20/2018,13,D,40.82636807,73.91986493,10451
236,BRONX,16A,65,6/20/2018,16,A,40.83285306,73.93278209,10452
299,BRONX,19B,75,6/20/2018,19,B,40.83996105,73.92904618,10452
356,BRONX,22C,170,6/20/2018,22,C,40.84706903,73.92531028,10452
301,BRONX,19D,185,6/20/2018,19,D,40.84027255,73.92071965,10452
238,BRONX,16C,185,6/20/2018,16,C,40.83316456,73.92445556,10452
279,BRONX,18C,195,6/20/2018,18,C,40.83779938,73.92474046,10452
336,BRONX,21D,250,6/20/2018,21,D,40.84490737,73.92100456,10452
237,BRONX,16B,305,6/20/2018,16,B,40.83300881,73.92861882,10452
239,BRONX,16D,310,6/20/2018,16,D,40.83332031,73.92029229,10452
337,BRONX,21E,345,6/20/2018,21,E,40.84506312,73.91684129,10452
320,BRONX,20D,375,6/20/2018,20,D,40.84258996,73.92086211,10452
321,BRONX,20E,390,6/20/2018,20,E,40.84274571,73.91669884,10452
196,BRONX,14C,410,6/20/2018,14,C,40.82852974,73.92417065,10452
216,BRONX,15C,415,6/20/2018,15,C,40.83084715,73.92431311,10452
280,BRONX,18D,415,6/20/2018,18,D,40.83795513,73.9205772,10452
278,BRONX,18B,485,6/20/2018,18,B,40.83764364,73.92890373,10452
302,BRONX,19E,535,6/20/2018,19,E,40.84042829,73.91655639,10452
300,BRONX,19C,545,6/20/2018,19,C,40.8401168,73.92488292,10452
319,BRONX,20C,605,6/20/2018,20,C,40.84243421,73.92502537,10452
259,BRONX,17C,606,6/20/2018,17,C,40.83548197,73.92459801,10452
281,BRONX,18E,615,6/20/2018,18,E,40.83811088,73.91641393,10452
258,BRONX,17B,815,6/20/2018,17,B,40.83532622,73.92876128,10452
322,BRONX,20F,1045,6/20/2018,20,F,40.84290145,73.91253557,10452
260,BRONX,17D,1331,6/20/2018,17,D,40.83563772,73.92043475,10452
215,BRONX,15B,1615,6/20/2018,15,B,40.8306914,73.92847637,10452
437,BRONX,27F,30,6/20/2018,27,F,40.85912334,73.91353275,10453
407,BRONX,25D,35,6/20/2018,25,D,40.85417702,73.92157437,10453
451,BRONX,28F,75,6/20/2018,28,F,40.86144075,73.9136752,10453
423,BRONX,26E,85,6/20/2018,26,E,40.85665018,73.91755356,10453
436,BRONX,27E,100,6/20/2018,27,E,40.85896759,73.91769601,10453
408,BRONX,25E,135,6/20/2018,25,E,40.85433277,73.91741111,10453
425,BRONX,26G,135,6/20/2018,26,G,40.85696168,73.90922703,10453
359,BRONX,22F,145,6/20/2018,22,F,40.84753628,73.91282048,10453
375,BRONX,23D,200,6/20/2018,23,D,40.84954219,73.92128946,10453
395,BRONX,24F,225,6/20/2018,24,F,40.8521711,73.91310539,10453
396,BRONX,24G,230,6/20/2018,24,G,40.85232685,73.90894212,10453
426,BRONX,26H,275,6/20/2018,26,H,40.85711742,73.90506376,10453
338,BRONX,21F,280,6/20/2018,21,F,40.84521887,73.91267803,10453
376,BRONX,23E,285,6/20/2018,23,E,40.84969794,73.9171262,10453
438,BRONX,27G,285,6/20/2018,27,G,40.85927909,73.90936948,10453
357,BRONX,22D,305,6/20/2018,22,D,40.84722478,73.92114701,10453
409,BRONX,25F,310,6/20/2018,25,F,40.85448852,73.91324784,10453
424,BRONX,26F,310,6/20/2018,26,F,40.85680593,73.91339029,10453
377,BRONX,23F,315,6/20/2018,23,F,40.84985369,73.91296293,10453
378,BRONX,23G,320,6/20/2018,23,G,40.85000944,73.90879967,10453
394,BRONX,24E,365,6/20/2018,24,E,40.85201535,73.91726865,10453
410,BRONX,25G,395,6/20/2018,25,G,40.85464426,73.90908457,10453
358,BRONX,22E,425,6/20/2018,22,E,40.84738053,73.91698375,10453
393,BRONX,24D,520,6/20/2018,24,D,40.85185961,73.92143192,10453
427,BRONX,26I,520,6/20/2018,26,I,40.85727317,73.9009005,10453
411,BRONX,25H,620,6/20/2018,25,H,40.85480001,73.90492131,10453
360,BRONX,22G,700,6/20/2018,22,G,40.84769203,73.90865721,10453
1,BRONX,1E,15,6/20/2018,1,E,40.79871487,73.91399223,10454
3,BRONX,2D,35,6/20/2018,2,D,40.80087654,73.91829795,10454
52,BRONX,7A,40,6/20/2018,7,A,40.81199635,73.93150001,10454
12,BRONX,3G,50,6/20/2018,3,G,40.80366119,73.90595061,10454
5,BRONX,2F,55,6/20/2018,2,F,40.80118803,73.90997142,10454
2,BRONX,1F,85,6/20/2018,1,F,40.79887062,73.90982897,10454
4,BRONX,2E,125,6/20/2018,2,E,40.80103229,73.91413468,10454
32,BRONX,5G,125,6/20/2018,5,G,40.80829602,73.90623551,10454
44,BRONX,6F,125,6/20/2018,6,F,40.81045768,73.91054123,10454
26,BRONX,5A,145,6/20/2018,5,A,40.80736153,73.93121511,10454
43,BRONX,6E,160,6/20/2018,6,E,40.81030193,73.9147045,10454
10,BRONX,3E,180,6/20/2018,3,E,40.8033497,73.91427714,10454
55,BRONX,7D,180,6/20/2018,7,D,40.8124636,73.91901022,10454
8,BRONX,3C,182,6/20/2018,3,C,40.8030382,73.92260367,10454
21,BRONX,4F,195,6/20/2018,4,F,40.80582286,73.91025633,10454
27,BRONX,5B,200,6/20/2018,5,B,40.80751728,73.92705184,10454
6,BRONX,2G,205,6/20/2018,2,G,40.80134378,73.90580815,10454
18,BRONX,4C,207,6/20/2018,4,C,40.80535561,73.92274612,10454
31,BRONX,5F,215,6/20/2018,5,F,40.80814027,73.91039878,10454
9,BRONX,3D,235,6/20/2018,3,D,40.80319395,73.9184404,10454
11,BRONX,3F,289,6/20/2018,3,F,40.80350545,73.91011387,10454
41,BRONX,6C,315,6/20/2018,6,C,40.80999044,73.92303103,10454
17,BRONX,4B,350,6/20/2018,4,B,40.80519987,73.92690939,10454
22,BRONX,4G,360,6/20/2018,4,G,40.80597861,73.90609306,10454
19,BRONX,4D,385,6/20/2018,4,D,40.80551136,73.91858286,10454
28,BRONX,5C,500,6/20/2018,5,C,40.80767303,73.92288857,10454
40,BRONX,6B,585,6/20/2018,6,B,40.80983469,73.92719429,10454
42,BRONX,6D,610,6/20/2018,6,D,40.81014619,73.91886776,10454
20,BRONX,4E,615,6/20/2018,4,E,40.80566711,73.91441959,10454
30,BRONX,5E,650,6/20/2018,5,E,40.80798452,73.91456204,10454
29,BRONX,5D,900,6/20/2018,5,D,40.80782877,73.91872531,10454
54,BRONX,7C,920,6/20/2018,7,C,40.81230785,73.92317348,10454
33,BRONX,5H,30,6/20/2018,5,H,40.80845177,73.90207225,10455
46,BRONX,6H,195,6/20/2018,6,H,40.81076918,73.9022147,10455
23,BRONX,4H,310,6/20/2018,4,H,40.80613435,73.90192979,10455
59,BRONX,7H,310,6/20/2018,7,H,40.81308659,73.90235715,10455
75,BRONX,8H,340,6/20/2018,8,H,40.815404,73.90249961,10455
91,BRONX,9I,345,6/20/2018,9,I,40.81787716,73.89847879,10455
45,BRONX,6G,365,6/20/2018,6,G,40.81061343,73.90637797,10455
73,BRONX,8F,366,6/20/2018,8,F,40.81509251,73.91082614,10455
87,BRONX,9E,370,6/20/2018,9,E,40.81725417,73.91513186,10455
57,BRONX,7F,400,6/20/2018,7,F,40.8127751,73.91068368,10455
76,BRONX,8I,420,6/20/2018,8,I,40.81555975,73.89833634,10455
110,BRONX,10E,420,6/20/2018,10,E,40.81957158,73.91527431,10455
88,BRONX,9F,425,6/20/2018,9,F,40.81740992,73.91096859,10455
89,BRONX,9G,455,6/20/2018,9,G,40.81756567,73.90680533,10455
71,BRONX,8D,525,6/20/2018,8,D,40.81478101,73.91915267,10455
56,BRONX,7E,550,6/20/2018,7,E,40.81261935,73.91484695,10455
74,BRONX,8G,555,6/20/2018,8,G,40.81524826,73.90666287,10455
72,BRONX,8E,560,6/20/2018,8,E,40.81493676,73.9149894,10455
158,BRONX,12F,570,6/20/2018,12,F,40.82436216,73.91139595,10455
90,BRONX,9H,720,6/20/2018,9,H,40.81772142,73.90264206,10455
58,BRONX,7G,1035,6/20/2018,7,G,40.81293084,73.90652042,10455
85,BRONX,9C,1735,6/20/2018,9,C,40.81694267,73.92345839,10455
112,BRONX,10G,90,6/20/2018,10,G,40.81988308,73.90694778,10456
160,BRONX,12H,135,6/20/2018,12,H,40.82467365,73.90306942,10456
244,BRONX,16I,190,6/20/2018,16,I,40.83409905,73.89947597,10456
202,BRONX,14I,195,6/20/2018,14,I,40.82946423,73.89919106,10456
199,BRONX,14F,215,6/20/2018,14,F,40.82899698,73.91168086,10456
241,BRONX,16F,232,6/20/2018,16,F,40.83363181,73.91196576,10456
201,BRONX,14H,240,6/20/2018,14,H,40.82930848,73.90335432,10456
178,BRONX,13F,255,6/20/2018,13,F,40.82667957,73.9115384,10456
200,BRONX,14G,280,6/20/2018,14,G,40.82915273,73.90751759,10456
263,BRONX,17G,295,6/20/2018,17,G,40.83610497,73.90794495,10456
282,BRONX,18F,320,6/20/2018,18,F,40.83826663,73.91225067,10456
264,BRONX,17H,335,6/20/2018,17,H,40.83626071,73.90378168,10456
218,BRONX,15E,360,6/20/2018,15,E,40.83115864,73.91598657,10456
261,BRONX,17E,363,6/20/2018,17,E,40.83579347,73.91627148,10456
198,BRONX,14E,390,6/20/2018,14,E,40.82884123,73.91584412,10456
262,BRONX,17F,409,6/20/2018,17,F,40.83594922,73.91210822,10456
136,BRONX,11G,410,6/20/2018,11,G,40.82220049,73.90709023,10456
283,BRONX,18G,420,6/20/2018,18,G,40.83842238,73.9080874,10456
222,BRONX,15I,440,6/20/2018,15,I,40.83178164,73.89933351,10456
240,BRONX,16E,450,6/20/2018,16,E,40.83347606,73.91612903,10456
179,BRONX,13G,490,6/20/2018,13,G,40.82683532,73.90737514,10456
137,BRONX,11H,500,6/20/2018,11,H,40.82235624,73.90292697,10456
220,BRONX,15G,580,6/20/2018,15,G,40.83147014,73.90766004,10456
159,BRONX,12G,630,6/20/2018,12,G,40.8245179,73.90723268,10456
180,BRONX,13H,635,6/20/2018,13,H,40.82699107,73.90321187,10456
242,BRONX,16G,670,6/20/2018,16,G,40.83378755,73.9078025,10456
243,BRONX,16H,820,6/20/2018,16,H,40.8339433,73.90363923,10456
221,BRONX,15H,960,6/20/2018,15,H,40.83162589,73.90349678,10456
217,BRONX,15D,975,6/20/2018,15,D,40.8310029,73.92014984,10456
219,BRONX,15F,1010,6/20/2018,15,F,40.83131439,73.91182331,10456
326,BRONX,20J,30,6/20/2018,20,J,40.84352445,73.89588251,10457
265,BRONX,17I,115,6/20/2018,17,I,40.83641646,73.89961842,10457
341,BRONX,21I,145,6/20/2018,21,I,40.84568611,73.90018823,10457
364,BRONX,22L,170,6/20/2018,22,L,40.84847077,73.88784089,10457
361,BRONX,22H,175,6/20/2018,22,H,40.84784778,73.90449395,10457
362,BRONX,22I,175,6/20/2018,22,I,40.84800352,73.90033068,10457
363,BRONX,22J,175,6/20/2018,22,J,40.84815927,73.89616742,10457
381,BRONX,23J,210,6/20/2018,23,J,40.85047668,73.89630987,10457
340,BRONX,21H,230,6/20/2018,21,H,40.84553036,73.9043515,10457
285,BRONX,18I,235,6/20/2018,18,I,40.83873387,73.89976087,10457
323,BRONX,20G,240,6/20/2018,20,G,40.8430572,73.90837231,10457
324,BRONX,20H,250,6/20/2018,20,H,40.84321295,73.90420904,10457
339,BRONX,21G,255,6/20/2018,21,G,40.84537461,73.90851476,10457
382,BRONX,23K,260,6/20/2018,23,K,40.85063243,73.89214661,10457
383,BRONX,23L,260,6/20/2018,23,L,40.85078818,73.88798334,10457
342,BRONX,21J,265,6/20/2018,21,J,40.84584186,73.89602497,10457
413,BRONX,25J,270,6/20/2018,25,J,40.85511151,73.89659478,10457
397,BRONX,24H,295,6/20/2018,24,H,40.8524826,73.90477886,10457
380,BRONX,23I,300,6/20/2018,23,I,40.85032094,73.90047314,10457
379,BRONX,23H,315,6/20/2018,23,H,40.85016519,73.9046364,10457
325,BRONX,20I,322,6/20/2018,20,I,40.8433687,73.90004578,10457
412,BRONX,25I,325,6/20/2018,25,I,40.85495576,73.90075804,10457
303,BRONX,19F,376,6/20/2018,19,F,40.84058404,73.91239312,10457
304,BRONX,19H,405,6/20/2018,19,H,40.84089554,73.90406659,10457
284,BRONX,18H,435,6/20/2018,18,H,40.83857813,73.90392414,10457
327,BRONX,20K,475,6/20/2018,20,K,40.8436802,73.89171925,10457
398,BRONX,24I,510,6/20/2018,24,I,40.85263835,73.90061559,10457
399,BRONX,24K,530,6/20/2018,24,K,40.85294984,73.89228906,10457
305,BRONX,19I,560,6/20/2018,19,I,40.84105129,73.89990332,10457
343,BRONX,21K,570,6/20/2018,21,K,40.84599761,73.8918617,10457
344,BRONX,21L,915,6/20/2018,21,L,40.84615336,73.88769843,10457
418,BRONX,25P,30,6/20/2018,25,P,40.856046,73.87161518,10458
417,BRONX,25N,80,6/20/2018,25,N,40.8557345,73.87994172,10458
431,BRONX,26M,110,6/20/2018,26,M,40.85789617,73.88424743,10458
540,BRONX,35M,170,6/20/2018,35,M,40.87875288,73.88552951,10458
476,BRONX,30M,175,6/20/2018,30,M,40.86716581,73.88481725,10458
400,BRONX,24L,190,6/20/2018,24,L,40.85310559,73.88812579,10458
477,BRONX,30N,190,6/20/2018,30,N,40.86732156,73.88065398,10458
500,BRONX,32N,195,6/20/2018,32,N,40.87195639,73.88093889,10458
487,BRONX,31M,210,6/20/2018,31,M,40.86948323,73.8849597,10458
414,BRONX,25K,215,6/20/2018,25,K,40.85526726,73.89243151,10458
430,BRONX,26L,225,6/20/2018,26,L,40.85774042,73.8884107,10458
486,BRONX,31L,225,6/20/2018,31,L,40.86932748,73.88912296,10458
511,BRONX,33M,225,6/20/2018,33,M,40.87411805,73.88524461,10458
429,BRONX,26K,255,6/20/2018,26,K,40.85758467,73.89257397,10458
510,BRONX,33L,260,6/20/2018,33,L,40.8739623,73.88940787,10458
416,BRONX,25M,265,6/20/2018,25,M,40.85557875,73.88410498,10458
428,BRONX,26J,275,6/20/2018,26,J,40.85742892,73.89673723,10458
525,BRONX,34M,280,6/20/2018,34,M,40.87643546,73.88538706,10458
401,BRONX,24M,285,6/20/2018,24,M,40.85326134,73.88396253,10458
443,BRONX,27L,285,6/20/2018,27,L,40.86005783,73.88855315,10458
499,BRONX,32M,290,6/20/2018,32,M,40.87180064,73.88510215,10458
467,BRONX,29L,295,6/20/2018,29,L,40.86469265,73.88883806,10458
488,BRONX,31N,295,6/20/2018,31,N,40.86963898,73.88079643,10458
466,BRONX,29K,310,6/20/2018,29,K,40.86453691,73.89300132,10458
475,BRONX,30L,310,6/20/2018,30,L,40.86701007,73.88898051,10458
553,BRONX,36M,325,6/20/2018,36,M,40.88107029,73.88567196,10458
415,BRONX,25L,405,6/20/2018,25,L,40.85542301,73.88826825,10458
474,BRONX,30K,425,6/20/2018,30,K,40.86685432,73.89314378,10458
442,BRONX,27K,525,6/20/2018,27,K,40.85990208,73.89271642,10458
441,BRONX,27J,555,6/20/2018,27,J,40.85974633,73.89687968,10458
456,BRONX,28K,625,6/20/2018,28,K,40.86221949,73.89285887,10458
455,BRONX,28J,815,6/20/2018,28,J,40.86206375,73.89702214,10458
457,BRONX,28M,940,6/20/2018,28,M,40.86253099,73.88453234,10458
204,BRONX,14L,75,6/20/2018,14,L,40.82993147,73.88670126,10459
141,BRONX,11L,120,6/20/2018,11,L,40.82297923,73.8862739,10459
224,BRONX,15K,135,6/20/2018,15,K,40.83209313,73.89100698,10459
162,BRONX,12J,165,6/20/2018,12,J,40.82498515,73.89474289,10459
182,BRONX,13J,320,6/20/2018,13,J,40.82730256,73.89488534,10459
184,BRONX,13L,335,6/20/2018,13,L,40.82761406,73.88655881,10459
92,BRONX,9J,340,6/20/2018,9,J,40.81803291,73.89431553,10459
183,BRONX,13K,350,6/20/2018,13,K,40.82745831,73.89072208,10459
139,BRONX,11J,410,6/20/2018,11,J,40.82266774,73.89460043,10459
138,BRONX,11I,435,6/20/2018,11,I,40.82251199,73.8987637,10459
113,BRONX,10H,495,6/20/2018,10,H,40.82003883,73.90278451,10459
114,BRONX,10I,500,6/20/2018,10,I,40.82019458,73.89862125,10459
203,BRONX,14K,510,6/20/2018,14,K,40.82977572,73.89086453,10459
161,BRONX,12I,535,6/20/2018,12,I,40.8248294,73.89890615,10459
181,BRONX,13I,645,6/20/2018,13,I,40.82714681,73.89904861,10459
223,BRONX,15J,665,6/20/2018,15,J,40.83193739,73.89517025,10459
115,BRONX,10J,715,6/20/2018,10,J,40.82035032,73.89445798,10459
140,BRONX,11K,730,6/20/2018,11,K,40.82282349,73.89043717,10459
347,BRONX,21P,15,6/20/2018,21,P,40.84677635,73.87104537,10460
270,BRONX,17O,50,6/20/2018,17,O,40.83735095,73.87463883,10460
366,BRONX,22P,50,6/20/2018,22,P,40.84909376,73.87118783,10460
226,BRONX,15M,80,6/20/2018,15,M,40.83240463,73.88268045,10460
246,BRONX,16K,80,6/20/2018,16,K,40.83441055,73.89114943,10460
269,BRONX,17N,80,6/20/2018,17,N,40.8371952,73.87880209,10460
288,BRONX,18N,90,6/20/2018,18,N,40.83951262,73.87894454,10460
268,BRONX,17M,95,6/20/2018,17,M,40.83703946,73.88296536,10460
307,BRONX,19L,100,6/20/2018,19,L,40.84151853,73.88741353,10460
252,BRONX,16Q,140,6/20/2018,16,Q,40.83534504,73.86616984,10460
271,BRONX,17P,140,6/20/2018,17,P,40.8375067,73.87047556,10460
248,BRONX,16M,145,6/20/2018,16,M,40.83472204,73.8828229,10460
289,BRONX,18O,185,6/20/2018,18,O,40.83966836,73.87478128,10460
365,BRONX,22M,195,6/20/2018,22,M,40.84862652,73.88367762,10460
286,BRONX,18L,215,6/20/2018,18,L,40.83920112,73.88727108,10460
245,BRONX,16J,225,6/20/2018,16,J,40.8342548,73.8953127,10460
266,BRONX,17K,230,6/20/2018,17,K,40.83672796,73.89129189,10460
306,BRONX,19K,235,6/20/2018,19,K,40.84136278,73.89157679,10460
290,BRONX,18Q,240,6/20/2018,18,Q,40.83997986,73.86645475,10460
225,BRONX,15L,245,6/20/2018,15,L,40.83224888,73.88684372,10460
287,BRONX,18M,280,6/20/2018,18,M,40.83935687,73.88310781,10460
309,BRONX,19N,355,6/20/2018,19,N,40.84183003,73.879087,10460
384,BRONX,23M,355,6/20/2018,23,M,40.85094393,73.88382007,10460
345,BRONX,21M,360,6/20/2018,21,M,40.8463091,73.88353517,10460
247,BRONX,16L,455,6/20/2018,16,L,40.83456629,73.88698617,10460
163,BRONX,12K,460,6/20/2018,12,K,40.8251409,73.89057962,10460
272,BRONX,17Q,485,6/20/2018,17,Q,40.83766245,73.86631229,10460
308,BRONX,19M,515,6/20/2018,19,M,40.84167428,73.88325026,10460
328,BRONX,20M,690,6/20/2018,20,M,40.84399169,73.88339272,10460
329,BRONX,20N,690,6/20/2018,20,N,40.84414744,73.87922945,10460
267,BRONX,17L,715,6/20/2018,17,L,40.83688371,73.88712862,10460
298,BRONX,18Z,10,6/20/2018,18,Z,40.8413816,73.82898536,10461
316,BRONX,19Y,15,6/20/2018,19,Y,40.84354326,73.83329108,10461
315,BRONX,19X,25,6/20/2018,19,X,40.84338751,73.83745434,10461
369,BRONX,22U,30,6/20/2018,22,U,40.8498725,73.8503715,10461
194,BRONX,13W,40,6/20/2018,13,W,40.82932729,73.84076289,10461
387,BRONX,23U,50,6/20/2018,23,U,40.85218992,73.85051395,10461
297,BRONX,18X,70,6/20/2018,18,X,40.8410701,73.83731189,10461
355,BRONX,22AA,75,6/20/2018,22,AA,40.85080699,73.8253919,10461
390,BRONX,23Y,75,6/20/2018,23,Y,40.85281291,73.83386089,10461
317,BRONX,19Z,105,6/20/2018,19,Z,40.84369901,73.82912781,10461
314,BRONX,19V,110,6/20/2018,19,V,40.84307601,73.84578087,10461
421,BRONX,25S,110,6/20/2018,25,S,40.85651324,73.85912539,10461
353,BRONX,21Y,130,6/20/2018,21,Y,40.84817808,73.83357598,10461
257,BRONX,16V,145,6/20/2018,16,V,40.83612378,73.84535351,10461
389,BRONX,23W,180,6/20/2018,23,W,40.85250141,73.84218742,10461
296,BRONX,18W,195,6/20/2018,18,W,40.84091435,73.84147515,10461
294,BRONX,18U,200,6/20/2018,18,U,40.84060285,73.84980169,10461
351,BRONX,21V,205,6/20/2018,21,V,40.84771084,73.84606578,10461
373,BRONX,22Z,215,6/20/2018,22,Z,40.85065124,73.82955517,10461
346,BRONX,21N,220,6/20/2018,21,N,40.84646485,73.8793719,10461
406,BRONX,24Z,220,6/20/2018,24,Z,40.85528607,73.82984008,10461
372,BRONX,22Y,225,6/20/2018,22,Y,40.8504955,73.83371844,10461
404,BRONX,24V,230,6/20/2018,24,V,40.85466308,73.84649314,10461
354,BRONX,21Z,310,6/20/2018,21,Z,40.84833383,73.82941272,10461
334,BRONX,20Y,320,6/20/2018,20,Y,40.84586067,73.83343353,10461
295,BRONX,18V,325,6/20/2018,18,V,40.8407586,73.84563842,10461
335,BRONX,20Z,330,6/20/2018,20,Z,40.84601642,73.82927026,10461
405,BRONX,24W,445,6/20/2018,24,W,40.85481882,73.84232987,10461
391,BRONX,23Z,505,6/20/2018,23,Z,40.85296866,73.82969762,10461
277,BRONX,17V,575,6/20/2018,17,V,40.83844119,73.84549597,10461
352,BRONX,21W,725,6/20/2018,21,W,40.84786659,73.84190251,10461
371,BRONX,22W,775,6/20/2018,22,W,40.850184,73.84204497,10461
422,BRONX,25V,815,6/20/2018,25,V,40.85698049,73.84663559,10461
370,BRONX,22V,870,6/20/2018,22,V,40.85002825,73.84620823,10461
213,BRONX,14V,10,6/20/2018,14,V,40.83148895,73.84506861,10462
193,BRONX,13V,35,6/20/2018,13,V,40.82917154,73.84492615,10462
332,BRONX,20S,60,6/20/2018,20,S,40.84492618,73.85841312,10462
367,BRONX,22Q,60,6/20/2018,22,Q,40.84924951,73.86702456,10462
235,BRONX,15V,70,6/20/2018,15,V,40.83380637,73.84521106,10462
350,BRONX,21S,90,6/20/2018,21,S,40.84724359,73.85855558,10462
349,BRONX,21R,105,6/20/2018,21,R,40.84708785,73.86271884,10462
348,BRONX,21Q,125,6/20/2018,21,Q,40.8469321,73.86688211,10462
368,BRONX,22R,125,6/20/2018,22,R,40.84940526,73.86286129,10462
312,BRONX,19S,140,6/20/2018,19,S,40.84260877,73.85827067,10462
420,BRONX,25R,145,6/20/2018,25,R,40.85635749,73.86328865,10462
234,BRONX,15U,155,6/20/2018,15,U,40.83365062,73.84937433,10462
330,BRONX,20Q,155,6/20/2018,20,Q,40.84461469,73.86673965,10462
276,BRONX,17U,160,6/20/2018,17,U,40.83828544,73.84965923,10462
403,BRONX,24R,190,6/20/2018,24,R,40.85404008,73.8631462,10462
419,BRONX,25Q,200,6/20/2018,25,Q,40.85620175,73.86745192,10462
274,BRONX,17S,210,6/20/2018,17,S,40.83797395,73.85798576,10462
311,BRONX,19R,240,6/20/2018,19,R,40.84245302,73.86243394,10462
313,BRONX,19T,240,6/20/2018,19,T,40.84276452,73.8541074,10462
386,BRONX,23R,260,6/20/2018,23,R,40.85172267,73.86300375,10462
331,BRONX,20R,265,6/20/2018,20,R,40.84477043,73.86257639,10462
212,BRONX,14U,270,6/20/2018,14,U,40.8313332,73.84923187,10462
256,BRONX,16U,281,6/20/2018,16,U,40.83596803,73.84951678,10462
291,BRONX,18R,310,6/20/2018,18,R,40.84013561,73.86229148,10462
385,BRONX,23Q,325,6/20/2018,23,Q,40.85156692,73.86716701,10462
253,BRONX,16R,380,6/20/2018,16,R,40.83550078,73.86200658,10462
254,BRONX,16S,400,6/20/2018,16,S,40.83565653,73.85784331,10462
275,BRONX,17T,400,6/20/2018,17,T,40.83812969,73.8538225,10462
310,BRONX,19O,410,6/20/2018,19,O,40.84198578,73.87492373,10462
233,BRONX,15T,415,6/20/2018,15,T,40.83349487,73.85353759,10462
402,BRONX,24Q,425,6/20/2018,24,Q,40.85388433,73.86730947,10462
232,BRONX,15S,435,6/20/2018,15,S,40.83333912,73.85770086,10462
255,BRONX,16T,475,6/20/2018,16,T,40.83581228,73.85368004,10462
273,BRONX,17R,510,6/20/2018,17,R,40.8378182,73.86214903,10462
292,BRONX,18S,520,6/20/2018,18,S,40.84029136,73.85812822,10462
231,BRONX,15R,535,6/20/2018,15,R,40.83318337,73.86186412,10462
293,BRONX,18T,645,6/20/2018,18,T,40.84044711,73.85396495,10462
470,BRONX,30G,35,6/20/2018,30,G,40.86623133,73.90979684,10463
565,BRONX,37L,40,6/20/2018,37,L,40.88323195,73.88997768,10463
534,BRONX,35F,50,6/20/2018,35,F,40.87766264,73.91467237,10463
560,BRONX,37G,105,6/20/2018,37,G,40.88245321,73.91079401,10463
563,BRONX,37J,115,6/20/2018,37,J,40.88292046,73.89830421,10463
538,BRONX,35K,120,6/20/2018,35,K,40.87844138,73.89385604,10463
557,BRONX,37D,120,6/20/2018,37,D,40.88198597,73.92328381,10463
580,BRONX,39F,120,6/20/2018,39,F,40.88693229,73.91524218,10463
571,BRONX,38H,125,6/20/2018,38,H,40.88492637,73.9067732,10463
537,BRONX,35J,135,6/20/2018,35,J,40.87828563,73.89801931,10463
523,BRONX,34I,140,6/20/2018,34,I,40.87581247,73.90204012,10463
573,BRONX,38J,155,6/20/2018,38,J,40.88523787,73.89844667,10463
520,BRONX,34F,160,6/20/2018,34,F,40.87534523,73.91452992,10463
591,BRONX,40J,180,6/20/2018,40,J,40.88987269,73.89873157,10463
547,BRONX,36E,200,6/20/2018,36,E,40.8798243,73.91897809,10463
564,BRONX,37K,205,6/20/2018,37,K,40.8830762,73.89414095,10463
548,BRONX,36F,220,6/20/2018,36,F,40.87998005,73.91481482,10463
561,BRONX,37H,230,6/20/2018,37,H,40.88260896,73.90663075,10463
559,BRONX,37F,255,6/20/2018,37,F,40.88229746,73.91495728,10463
574,BRONX,38K,255,6/20/2018,38,K,40.88539362,73.8942834,10463
590,BRONX,40I,255,6/20/2018,40,I,40.88971694,73.90289484,10463
535,BRONX,35G,260,6/20/2018,35,G,40.87781839,73.9105091,10463
562,BRONX,37I,270,6/20/2018,37,I,40.88276471,73.90246748,10463
569,BRONX,38F,270,6/20/2018,38,F,40.88461487,73.91509973,10463
575,BRONX,38L,270,6/20/2018,38,L,40.88554936,73.89012014,10463
588,BRONX,40G,270,6/20/2018,40,G,40.88940545,73.91122137,10463
522,BRONX,34H,275,6/20/2018,34,H,40.87565672,73.90620339,10463
552,BRONX,36J,280,6/20/2018,36,J,40.88060304,73.89816176,10463
494,BRONX,32H,305,6/20/2018,32,H,40.8710219,73.90591848,10463
533,BRONX,35E,320,6/20/2018,35,E,40.87750689,73.91883564,10463
551,BRONX,36I,325,6/20/2018,36,I,40.8804473,73.90232503,10463
582,BRONX,39H,350,6/20/2018,39,H,40.88724378,73.90691565,10463
587,BRONX,40F,365,6/20/2018,40,F,40.8892497,73.91538464,10463
521,BRONX,34G,370,6/20/2018,34,G,40.87550097,73.91036665,10463
549,BRONX,36G,385,6/20/2018,36,G,40.8801358,73.91065156,10463
572,BRONX,38I,385,6/20/2018,38,I,40.88508212,73.90260993,10463
558,BRONX,37E,390,6/20/2018,37,E,40.88214171,73.91912054,10463
536,BRONX,35H,395,6/20/2018,35,H,40.87797413,73.90634584,10463
570,BRONX,38G,405,6/20/2018,38,G,40.88477062,73.91093646,10463
507,BRONX,33I,430,6/20/2018,33,I,40.87349506,73.90189767,10463
506,BRONX,33H,460,6/20/2018,33,H,40.87333931,73.90606093,10463
581,BRONX,39G,480,6/20/2018,39,G,40.88708804,73.91107892,10463
550,BRONX,36H,555,6/20/2018,36,H,40.88029155,73.90648829,10463
106,BRONX,10AC,25,6/20/2018,10,AC,40.82330954,73.81535594,10465
68,BRONX,8AA,30,6/20/2018,8,AA,40.81836322,73.82339756,10465
81,BRONX,8X,30,6/20/2018,8,X,40.81789598,73.83588736,10465
102,BRONX,9Z,85,6/20/2018,9,Z,40.82052489,73.82770328,10465
127,BRONX,10Z,90,6/20/2018,10,Z,40.8228423,73.82784573,10465
105,BRONX,10AB,145,6/20/2018,10,AB,40.82315379,73.8195192,10465
83,BRONX,9AA,150,6/20/2018,9,AA,40.82068063,73.82354001,10465
126,BRONX,10X,160,6/20/2018,10,X,40.8225308,73.83617226,10465
153,BRONX,12AB,160,6/20/2018,12,AB,40.82778862,73.81980411,10465
172,BRONX,12W,160,6/20/2018,12,W,40.82700988,73.84062044,10465
318,BRONX,20AA,180,6/20/2018,20,AA,40.84617217,73.825107,10465
152,BRONX,12AA,195,6/20/2018,12,AA,40.82763287,73.82396737,10465
129,BRONX,11AA,205,6/20/2018,11,AA,40.82531546,73.82382492,10465
104,BRONX,10AA,215,6/20/2018,10,AA,40.82299805,73.82368247,10465
150,BRONX,11W,290,6/20/2018,11,W,40.82469246,73.84047798,10465
130,BRONX,11AB,300,6/20/2018,11,AB,40.82547121,73.81966166,10465
601,BRONX,42T,85,6/20/2018,42,T,40.896065,73.85738382,10466
585,BRONX,39S,140,6/20/2018,39,S,40.88895701,73.86111973,10466
597,BRONX,41T,150,6/20/2018,41,T,40.89374759,73.85724137,10466
592,BRONX,40S,155,6/20/2018,40,S,40.89127443,73.86126218,10466
579,BRONX,38S,220,6/20/2018,38,S,40.8866396,73.86097728,10466
593,BRONX,40T,255,6/20/2018,40,T,40.89143018,73.85709892,10466
596,BRONX,41S,375,6/20/2018,41,S,40.89359184,73.86140464,10466
444,BRONX,27N,20,6/20/2018,27,N,40.86036933,73.88022662,10467
478,BRONX,30P,25,6/20/2018,30,P,40.86763306,73.87232745,10467
502,BRONX,32P,30,6/20/2018,32,P,40.87226788,73.87261236,10467
577,BRONX,38O,40,6/20/2018,38,O,40.88601661,73.87763034,10467
445,BRONX,27P,45,6/20/2018,27,P,40.86068082,73.87190009,10467
458,BRONX,28P,45,6/20/2018,28,P,40.86299824,73.87204254,10467
480,BRONX,30R,45,6/20/2018,30,R,40.86794456,73.86400092,10467
528,BRONX,34P,45,6/20/2018,34,P,40.87690271,73.87289726,10467
529,BRONX,34Q,50,6/20/2018,34,Q,40.87705846,73.868734,10467
530,BRONX,34R,70,6/20/2018,34,R,40.87721421,73.86457073,10467
515,BRONX,33Q,75,6/20/2018,33,Q,40.87474104,73.86859154,10467
490,BRONX,31Q,80,6/20/2018,31,Q,40.87010622,73.86830664,10467
567,BRONX,37O,80,6/20/2018,37,O,40.8836992,73.87748789,10467
516,BRONX,33R,90,6/20/2018,33,R,40.87489679,73.86442828,10467
432,BRONX,26P,95,6/20/2018,26,P,40.85836341,73.87175764,10467
544,BRONX,35Q,100,6/20/2018,35,Q,40.87937587,73.86887645,10467
503,BRONX,32Q,105,6/20/2018,32,Q,40.87242363,73.86844909,10467
514,BRONX,33P,115,6/20/2018,33,P,40.8745853,73.87275481,10467
447,BRONX,27R,120,6/20/2018,27,R,40.86099232,73.86357356,10467
489,BRONX,31P,125,6/20/2018,31,P,40.86995047,73.8724699,10467
434,BRONX,26R,130,6/20/2018,26,R,40.85867491,73.86343111,10467
459,BRONX,28Q,140,6/20/2018,28,Q,40.86315398,73.86787928,10467
545,BRONX,35R,150,6/20/2018,35,R,40.87953162,73.86471318,10467
568,BRONX,37R,150,6/20/2018,37,R,40.88416644,73.86499809,10467
584,BRONX,39R,150,6/20/2018,39,R,40.88880127,73.865283,10467
566,BRONX,37N,160,6/20/2018,37,N,40.88354345,73.88165115,10467
469,BRONX,29R,165,6/20/2018,29,R,40.86562714,73.86385847,10467
479,BRONX,30Q,180,6/20/2018,30,Q,40.86778881,73.86816418,10467
501,BRONX,32O,180,6/20/2018,32,O,40.87211214,73.87677562,10467
578,BRONX,38R,180,6/20/2018,38,R,40.88648385,73.86514054,10467
460,BRONX,28R,185,6/20/2018,28,R,40.86330973,73.86371601,10467
556,BRONX,36R,185,6/20/2018,36,R,40.88184903,73.86485564,10467
555,BRONX,36O,220,6/20/2018,36,O,40.88138178,73.87734543,10467
491,BRONX,31R,240,6/20/2018,31,R,40.87026197,73.86414337,10467
512,BRONX,33N,240,6/20/2018,33,N,40.8742738,73.88108134,10467
527,BRONX,34O,245,6/20/2018,34,O,40.87674696,73.87706053,10467
541,BRONX,35N,260,6/20/2018,35,N,40.87890862,73.88136625,10467
513,BRONX,33O,270,6/20/2018,33,O,40.87442955,73.87691807,10467
542,BRONX,35O,270,6/20/2018,35,O,40.87906437,73.87720298,10467
526,BRONX,34N,310,6/20/2018,34,N,40.87659121,73.88122379,10467
433,BRONX,26Q,315,6/20/2018,26,Q,40.85851916,73.86759437,10467
543,BRONX,35P,365,6/20/2018,35,P,40.87922012,73.87303972,10467
468,BRONX,29Q,430,6/20/2018,29,Q,40.8654714,73.86802173,10467
446,BRONX,27Q,490,6/20/2018,27,Q,40.86083657,73.86773683,10467
554,BRONX,36N,1715,6/20/2018,36,N,40.88122604,73.8815087,10467
539,BRONX,35L,10,6/20/2018,35,L,40.87859713,73.88969278,10468
508,BRONX,33J,15,6/20/2018,33,J,40.87365081,73.8977344,10468
576,BRONX,38N,45,6/20/2018,38,N,40.88586086,73.88179361,10468
482,BRONX,31H,90,6/20/2018,31,H,40.86870449,73.90577603,10468
462,BRONX,29G,120,6/20/2018,29,G,40.86391391,73.90965439,10468
465,BRONX,29J,140,6/20/2018,29,J,40.86438116,73.89716459,10468
524,BRONX,34L,156,6/20/2018,34,L,40.87627972,73.88955032,10468
471,BRONX,30H,160,6/20/2018,30,H,40.86638707,73.90563357,10468
495,BRONX,32I,165,6/20/2018,32,I,40.87117765,73.90175521,10468
452,BRONX,28G,185,6/20/2018,28,G,40.8615965,73.90951193,10468
473,BRONX,30J,185,6/20/2018,30,J,40.86669857,73.89730704,10468
484,BRONX,31J,210,6/20/2018,31,J,40.86901598,73.8974495,10468
496,BRONX,32J,230,6/20/2018,32,J,40.87133339,73.89759195,10468
497,BRONX,32K,235,6/20/2018,32,K,40.87148914,73.89342868,10468
498,BRONX,32L,245,6/20/2018,32,L,40.87164489,73.88926542,10468
485,BRONX,31K,265,6/20/2018,31,K,40.86917173,73.89328623,10468
440,BRONX,27I,310,6/20/2018,27,I,40.85959058,73.90104295,10468
439,BRONX,27H,335,6/20/2018,27,H,40.85943484,73.90520621,10468
483,BRONX,31I,335,6/20/2018,31,I,40.86886023,73.90161276,10468
453,BRONX,28H,360,6/20/2018,28,H,40.86175225,73.90534867,10468
463,BRONX,29H,365,6/20/2018,29,H,40.86406966,73.90549112,10468
464,BRONX,29I,400,6/20/2018,29,I,40.86422541,73.90132786,10468
472,BRONX,30I,455,6/20/2018,30,I,40.86654282,73.90147031,10468
454,BRONX,28I,475,6/20/2018,28,I,40.861908,73.9011854,10468
509,BRONX,33K,650,6/20/2018,33,K,40.87380655,73.89357114,10468
504,BRONX,32U,35,6/20/2018,32,U,40.87304663,73.85179603,10469
517,BRONX,33S,40,6/20/2018,33,S,40.87505254,73.86026501,10469
546,BRONX,35V,40,6/20/2018,35,V,40.88015461,73.84806012,10469
449,BRONX,27T,50,6/20/2018,27,T,40.86130382,73.85524703,10469
435,BRONX,26S,60,6/20/2018,26,S,40.85883066,73.85926784,10469
461,BRONX,28S,60,6/20/2018,28,S,40.86346548,73.85955275,10469
481,BRONX,30U,65,6/20/2018,30,U,40.8684118,73.85151112,10469
531,BRONX,34U,70,6/20/2018,34,U,40.87768145,73.85208093,10469
519,BRONX,33V,95,6/20/2018,33,V,40.87551979,73.84777522,10469
493,BRONX,31U,100,6/20/2018,31,U,40.87072921,73.85165358,10469
448,BRONX,27S,105,6/20/2018,27,S,40.86114807,73.85941029,10469
518,BRONX,33U,110,6/20/2018,33,U,40.87536404,73.85193848,10469
492,BRONX,31T,140,6/20/2018,31,T,40.87057346,73.85581684,10469
532,BRONX,34V,140,6/20/2018,34,V,40.8778372,73.84791767,10469
450,BRONX,27U,200,6/20/2018,27,U,40.86145956,73.85108376,10469
388,BRONX,23V,425,6/20/2018,23,V,40.85234566,73.84635069,10469
333,BRONX,20V,430,6/20/2018,20,V,40.84539343,73.84592333,10469
600,BRONX,42S,55,6/20/2018,42,S,40.89590925,73.86154709,10470
612,BRONX,47G,10,6/20/2018,47,G,40.90562733,73.91221854,10471
605,BRONX,44J,15,6/20/2018,44,J,40.89914234,73.89930139,10471
602,BRONX,43G,20,6/20/2018,43,G,40.89635768,73.91164873,10471
608,BRONX,45J,20,6/20/2018,45,J,40.90145975,73.89944384,10471
586,BRONX,40E,25,6/20/2018,40,E,40.88909395,73.9195479,10471
599,BRONX,42J,40,6/20/2018,42,J,40.89450752,73.89901648,10471
619,BRONX,49J,40,6/20/2018,49,J,40.9107294,73.90001365,10471
610,BRONX,46I,45,6/20/2018,46,I,40.90362142,73.90374956,10471
603,BRONX,43H,50,6/20/2018,43,H,40.89651343,73.90748546,10471
598,BRONX,42G,60,6/20/2018,42,G,40.89404027,73.91150628,10471
604,BRONX,43J,65,6/20/2018,43,J,40.89682493,73.89915893,10471
617,BRONX,48J,80,6/20/2018,48,J,40.90841199,73.8998712,10471
589,BRONX,40H,85,6/20/2018,40,H,40.8895612,73.9070581,10471
606,BRONX,45H,90,6/20/2018,45,H,40.90114826,73.90777037,10471
616,BRONX,48H,90,6/20/2018,48,H,40.90810049,73.90819773,10471
611,BRONX,46J,105,6/20/2018,46,J,40.90377717,73.89958629,10471
614,BRONX,47I,105,6/20/2018,47,I,40.90593883,73.90389201,10471
615,BRONX,47J,105,6/20/2018,47,J,40.90609458,73.89972874,10471
609,BRONX,46H,120,6/20/2018,46,H,40.90346567,73.90791282,10471
595,BRONX,41J,145,6/20/2018,41,J,40.8921901,73.89887403,10471
613,BRONX,47H,165,6/20/2018,47,H,40.90578308,73.90805528,10471
583,BRONX,39I,180,6/20/2018,39,I,40.88739953,73.90275239,10471
594,BRONX,41G,190,6/20/2018,41,G,40.89172286,73.91136382,10471
607,BRONX,45I,190,6/20/2018,45,I,40.90130401,73.9036071,10471
618,BRONX,49H,400,6/20/2018,49,H,40.91041791,73.90834018,10471
210,BRONX,14S,85,6/20/2018,14,S,40.83102171,73.8575584,10472
208,BRONX,14Q,110,6/20/2018,14,Q,40.83071021,73.86588494,10472
167,BRONX,12P,115,6/20/2018,12,P,40.82591964,73.86976329,10472
211,BRONX,14T,140,6/20/2018,14,T,40.83117746,73.85339514,10472
192,BRONX,13U,155,6/20/2018,13,U,40.82901579,73.84908942,10472
251,BRONX,16P,160,6/20/2018,16,P,40.83518929,73.87033311,10472
170,BRONX,12S,165,6/20/2018,12,S,40.82638688,73.8572735,10472
191,BRONX,13T,165,6/20/2018,13,T,40.82886004,73.85325269,10472
228,BRONX,15O,170,6/20/2018,15,O,40.83271613,73.87435392,10472
230,BRONX,15Q,185,6/20/2018,15,Q,40.83302762,73.86602739,10472
205,BRONX,14N,200,6/20/2018,14,N,40.83024297,73.87837473,10472
189,BRONX,13R,230,6/20/2018,13,R,40.82854855,73.86157922,10472
166,BRONX,12O,265,6/20/2018,12,O,40.82576389,73.87392656,10472
188,BRONX,13Q,285,6/20/2018,13,Q,40.8283928,73.86574248,10472
190,BRONX,13S,290,6/20/2018,13,S,40.8287043,73.85741595,10472
249,BRONX,16N,295,6/20/2018,16,N,40.83487779,73.87865964,10472
207,BRONX,14P,310,6/20/2018,14,P,40.83055446,73.8700482,10472
187,BRONX,13P,340,6/20/2018,13,P,40.82823705,73.86990575,10472
60,BRONX,7I,345,6/20/2018,7,I,40.81324234,73.89819389,10472
209,BRONX,14R,345,6/20/2018,14,R,40.83086596,73.86172167,10472
229,BRONX,15P,355,6/20/2018,15,P,40.83287188,73.87019065,10472
185,BRONX,13M,410,6/20/2018,13,M,40.82776981,73.88239554,10472
169,BRONX,12R,430,6/20/2018,12,R,40.82623114,73.86143676,10472
164,BRONX,12M,440,6/20/2018,12,M,40.82545239,73.88225309,10472
168,BRONX,12Q,450,6/20/2018,12,Q,40.82607539,73.86560003,10472
250,BRONX,16O,460,6/20/2018,16,O,40.83503354,73.87449637,10472
206,BRONX,14O,575,6/20/2018,14,O,40.83039872,73.87421147,10472
165,BRONX,12N,585,6/20/2018,12,N,40.82560814,73.87808983,10472
186,BRONX,13N,700,6/20/2018,13,N,40.82792555,73.87823228,10472
99,BRONX,9S,40,6/20/2018,9,S,40.81943465,73.85684614,10473
97,BRONX,9Q,45,6/20/2018,9,Q,40.81912315,73.86517267,10473
66,BRONX,7Q,50,6/20/2018,7,Q,40.81448833,73.86488776,10473
171,BRONX,12T,50,6/20/2018,12,T,40.82654263,73.85311023,10473
98,BRONX,9R,100,6/20/2018,9,R,40.8192789,73.8610094,10473
123,BRONX,10R,120,6/20/2018,10,R,40.82159631,73.86115186,10473
125,BRONX,10T,145,6/20/2018,10,T,40.82190781,73.85282533,10473
120,BRONX,10O,150,6/20/2018,10,O,40.82112907,73.87364165,10473
149,BRONX,11T,150,6/20/2018,11,T,40.82422522,73.85296778,10473
79,BRONX,8P,175,6/20/2018,8,P,40.81664999,73.86919348,10473
96,BRONX,9P,180,6/20/2018,9,P,40.8189674,73.86933594,10473
118,BRONX,10M,195,6/20/2018,10,M,40.82081757,73.88196819,10473
227,BRONX,15N,195,6/20/2018,15,N,40.83256038,73.87851718,10473
144,BRONX,11O,240,6/20/2018,11,O,40.82344648,73.87378411,10473
80,BRONX,8Q,243,6/20/2018,8,Q,40.81680574,73.86503022,10473
121,BRONX,10P,245,6/20/2018,10,P,40.82128481,73.86947839,10473
122,BRONX,10Q,255,6/20/2018,10,Q,40.82144056,73.86531512,10473
148,BRONX,11S,255,6/20/2018,11,S,40.82406947,73.85713105,10473
124,BRONX,10S,275,6/20/2018,10,S,40.82175206,73.85698859,10473
145,BRONX,11P,290,6/20/2018,11,P,40.82360223,73.86962084,10473
119,BRONX,10N,305,6/20/2018,10,N,40.82097332,73.87780492,10473
143,BRONX,11N,350,6/20/2018,11,N,40.82329073,73.87794737,10473
100,BRONX,9T,360,6/20/2018,9,T,40.8195904,73.85268287,10473
147,BRONX,11R,370,6/20/2018,11,R,40.82391372,73.86129431,10473
101,BRONX,9U,440,6/20/2018,9,U,40.81974614,73.84851961,10473
146,BRONX,11Q,495,6/20/2018,11,Q,40.82375798,73.86545758,10473
142,BRONX,11M,10,6/20/2018,11,M,40.82313498,73.88211064,10474
13,BRONX,3L,20,6/20/2018,3,L,40.80443994,73.88513428,10474
14,BRONX,3M,50,6/20/2018,3,M,40.80459568,73.88097101,10474
116,BRONX,10K,50,6/20/2018,10,K,40.82050607,73.89029472,10474
37,BRONX,5M,60,6/20/2018,5,M,40.80923051,73.88125592,10474
51,BRONX,6O,70,6/20/2018,6,O,40.81185942,73.87307184,10474
16,BRONX,3O,75,6/20/2018,3,O,40.80490718,73.87264448,10474
34,BRONX,5I,75,6/20/2018,5,I,40.80860752,73.89790898,10474
63,BRONX,7L,95,6/20/2018,7,L,40.81370958,73.88570409,10474
36,BRONX,5L,110,6/20/2018,5,L,40.80907476,73.88541919,10474
94,BRONX,9L,110,6/20/2018,9,L,40.81834441,73.885989,10474
7,BRONX,2O,125,6/20/2018,2,O,40.80258977,73.87250203,10474
24,BRONX,4K,125,6/20/2018,4,K,40.8066016,73.88944,10474
95,BRONX,9M,130,6/20/2018,9,M,40.81850016,73.88182573,10474
49,BRONX,6L,140,6/20/2018,6,L,40.81139217,73.88556164,10474
47,BRONX,6J,180,6/20/2018,6,J,40.81108068,73.89388817,10474
25,BRONX,4L,190,6/20/2018,4,L,40.80675735,73.88527673,10474
93,BRONX,9K,210,6/20/2018,9,K,40.81818866,73.89015226,10474
61,BRONX,7J,235,6/20/2018,7,J,40.81339809,73.89403062,10474
77,BRONX,8K,285,6/20/2018,8,K,40.81587125,73.89000981,10474
38,BRONX,5O,300,6/20/2018,5,O,40.80954201,73.87292939,10474
62,BRONX,7K,360,6/20/2018,7,K,40.81355384,73.88986736,10474
78,BRONX,8L,385,6/20/2018,8,L,40.816027,73.88584654,10474
117,BRONX,10L,405,6/20/2018,10,L,40.82066182,73.88613145,10474
50,BRONX,6M,475,6/20/2018,6,M,40.81154792,73.88139837,10474
65,BRONX,7N,500,6/20/2018,7,N,40.81402108,73.87737756,10474
15,BRONX,3N,625,6/20/2018,3,N,40.80475143,73.87680775,10474
35,BRONX,5J,665,6/20/2018,5,J,40.80876326,73.89374572,10474
48,BRONX,6K,675,6/20/2018,6,K,40.81123642,73.8897249,10474
64,BRONX,7M,1020,6/20/2018,7,M,40.81386533,73.88154083,10474
,,,,,,,,,
,,,,,,,,,
,,,,,,,,,
,,,,,,,,,
,,,,,,,,,
,,,,,,,,,
,,,,,,,,,
,,,,,,,,,
,,,,,,,,,
,,,,,,,,,
,,,,,,,,,
,,,,,,,,,
,,,,,,,,,
,,,,,,,,,
,,,,,,,,,
,,,,,,,,,
,,,,,,,,,
,,,,,,,,,
,,,,,,,,,
,,,,,,,,,
,,,,,,,,,
,,,,,,,,,
,,,,,,,,,
,,,,,,,,,
,,,,,,,,,
,,,,,,,,,
,,,,,,,,,
,,,,,,,,,
,,,,,,,,,
,,,,,,,,,
,,,,,,,,,
,,,,,,,,,
,,,,,,,,,
,,,,,,,,,
,,,,,,,,,
,,,,,,,,,
,,,,,,,,,
,,,,,,,,,
,,,,,,,,,
,,,,,,,,,
,,,,,,,,,
,,,,,,,,,
,,,,,,,,,
,,,,,,,,,
,,,,,,,,,
,,,,,,,,,
,,,,,,,,,
,,,,,,,,,
,,,,,,,,,
,,,,,,,,,
,,,,,,,,,
,,,,,,,,,
,,,,,,,,,
,,,,,,,,,
,,,,,,,,,
,,,,,,,,,
,,,,,,,,,
,,,,,,,,,
,,,,,,,,,
,,,,,,,,,
,,,,,,,,,
,,,,,,,,,
,,,,,,,,,
,,,,,,,,,
,,,,,,,,,
,,,,,,,,,
,,,,,,,,,
,,,,,,,,,
,,,,,,,,,
,,,,,,,,,
,,,,,,,,,
,,,,,,,,,
,,,,,,,,,
,,,,,,,,,
,,,,,,,,,
,,,,,,,,,
,,,,,,,,,
,,,,,,,,,
,,,,,,,,,
,,,,,,,,,
,,,,,,,,,
,,,,,,,,,
,,,,,,,,,
,,,,,,,,,
,,,,,,,,,
,,,,,,,,,
,,,,,,,,,
,,,,,,,,,
,,,,,,,,,
,,,,,,,,,
,,,,,,,,,
,,,,,,,,,
,,,,,,,,,
,,,,,,,,,
,,,,,,,,,
,,,,,,,,,
,,,,,,,,,
,,,,,,,,,
,,,,,,,,,
,,,,,,,,,
,,,,,,,,,
,,,,,,,,,
,,,,,,,,,
,,,,,,,,,
,,,,,,,,,
,,,,,,,,,
,,,,,,,,,
,,,,,,,,,
,,,,,,,,,
,,,,,,,,,
,,,,,,,,,
,,,,,,,,,
,,,,,,,,,
,,,,,,,,,
,,,,,,,,,
,,,,,,,,,
,,,,,,,,,
,,,,,,,,,
,,,,,,,,,
,,,,,,,,,
,,,,,,,,,
,,,,,,,,,
,,,,,,,,,
,,,,,,,,,
,,,,,,,,,
,,,,,,,,,
,,,,,,,,,
,,,,,,,,,
,,,,,,,,,
,,,,,,,,,
,,,,,,,,,
,,,,,,,,,
,,,,,,,,,
,,,,,,,,,
,,,,,,,,,
,,,,,,,,,
,,,,,,,,,
,,,,,,,,,
,,,,,,,,,
,,,,,,,,,
,,,,,,,,,
,,,,,,,,,
,,,,,,,,,
,,,,,,,,,
,,,,,,,,,
,,,,,,,,,
,,,,,,,,,
,,,,,,,,,
,,,,,,,,,
,,,,,,,,,
,,,,,,,,,
,,,,,,,,,
,,,,,,,,,
,,,,,,,,,
,,,,,,,,,
,,,,,,,,,
,,,,,,,,,
,,,,,,,,,
,,,,,,,,,
,,,,,,,,,
,,,,,,,,,
,,,,,,,,,
,,,,,,,,,
,,,,,,,,,
,,,,,,,,,
,,,,,,,,,
,,,,,,,,,
,,,,,,,,,
,,,,,,,,,
,,,,,,,,,
,,,,,,,,,
,,,,,,,,,
,,,,,,,,,
,,,,,,,,,
,,,,,,,,,
,,,,,,,,,
,,,,,,,,,
,,,,,,,,,
,,,,,,,,,
,,,,,,,,,
,,,,,,,,,
,,,,,,,,,
,,,,,,,,,
,,,,,,,,,
,,,,,,,,,
,,,,,,,,,
,,,,,,,,,
,,,,,,,,,
,,,,,,,,,
,,,,,,,,,
,,,,,,,,,
,,,,,,,,,
,,,,,,,,,
,,,,,,,,,
,,,,,,,,,
,,,,,,,,,
,,,,,,,,,
,,,,,,,,,
,,,,,,,,,
,,,,,,,,,
,,,,,,,,,
,,,,,,,,,
,,,,,,,,,
,,,,,,,,,
,,,,,,,,,
,,,,,,,,,
,,,,,,,,,
,,,,,,,,,
,,,,,,,,,
,,,,,,,,,
,,,,,,,,,
,,,,,,,,,
,,,,,,,,,
,,,,,,,,,
,,,,,,,,,
,,,,,,,,,
,,,,,,,,,
,,,,,,,,,
,,,,,,,,,
,,,,,,,,,
,,,,,,,,,
,,,,,,,,,
,,,,,,,,,
,,,,,,,,,
,,,,,,,,,
,,,,,,,,,
,,,,,,,,,
,,,,,,,,,
,,,,,,,,,
,,,,,,,,,
,,,,,,,,,
,,,,,,,,,
,,,,,,,,,
,,,,,,,,,
,,,,,,,,,
,,,,,,,,,
,,,,,,,,,
,,,,,,,,,
,,,,,,,,,
,,,,,,,,,
,,,,,,,,,
,,,,,,,,,
,,,,,,,,,
,,,,,,,,,
,,,,,,,,,
,,,,,,,,,
,,,,,,,,,
,,,,,,,,,
,,,,,,,,,
,,,,,,,,,
,,,,,,,,,
,,,,,,,,,
,,,,,,,,,
,,,,,,,,,
,,,,,,,,,
,,,,,,,,,
,,,,,,,,,
,,,,,,,,,
,,,,,,,,,
,,,,,,,,,
,,,,,,,,,
,,,,,,,,,
,,,,,,,,,
,,,,,,,,,
,,,,,,,,,
,,,,,,,,,
,,,,,,,,,
,,,,,,,,,
,,,,,,,,,
,,,,,,,,,
,,,,,,,,,
,,,,,,,,,
,,,,,,,,,
,,,,,,,,,
,,,,,,,,,
,,,,,,,,,
,,,,,,,,,
,,,,,,,,,
,,,,,,,,,
,,,,,,,,,
,,,,,,,,,
,,,,,,,,,
,,,,,,,,,
,,,,,,,,,
,,,,,,,,,
,,,,,,,,,
,,,,,,,,,
,,,,,,,,,
,,,,,,,,,
,,,,,,,,,
,,,,,,,,,
,,,,,,,,,
,,,,,,,,,
,,,,,,,,,
,,,,,,,,,
,,,,,,,,,
,,,,,,,,,
,,,,,,,,,
,,,,,,,,,
,,,,,,,,,
,,,,,,,,,
,,,,,,,,,
,,,,,,,,,
,,,,,,,,,
,,,,,,,,,
,,,,,,,,,
,,,,,,,,,
,,,,,,,,,
,,,,,,,,,
,,,,,,,,,
,,,,,,,,,
,,,,,,,,,
,,,,,,,,,
,,,,,,,,,
,,,,,,,,,
,,,,,,,,,
,,,,,,,,,
,,,,,,,,,
,,,,,,,,,
,,,,,,,,,
,,,,,,,,,
,,,,,,,,,
,,,,,,,,,
,,,,,,,,,
,,,,,,,,,
,,,,,,,,,
,,,,,,,,,
,,,,,,,,,
,,,,,,,,,
,,,,,,,,,
,,,,,,,,,
,,,,,,,,,
,,,,,,,,,
,,,,,,,,,
,,,,,,,,,
,,,,,,,,,
,,,,,,,,,
,,,,,,,,,
,,,,,,,,,
,,,,,,,,,
,,,,,,,,,
,,,,,,,,,
,,,,,,,,,
,,,,,,,,,
,,,,,,,,,
,,,,,,,,,
,,,,,,,,,
,,,,,,,,,
,,,,,,,,,
,,,,,,,,,
,,,,,,,,,
,,,,,,,,,
,,,,,,,,,
,,,,,,,,,
,,,,,,,,,
,,,,,,,,,
,,,,,,,,,
,,,,,,,,,
,,,,,,,,,
,,,,,,,,,
,,,,,,,,,
,,,,,,,,,
,,,,,,,,,
,,,,,,,,,
,,,,,,,,,
,,,,,,,,,
,,,,,,,,,
,,,,,,,,,
,,,,,,,,,
,,,,,,,,,
,,,,,,,,,
,,,,,,,,,
,,,,,,,,,
,,,,,,,,,
,,,,,,,,,
,,,,,,,,,
,,,,,,,,,
,,,,,,,,,
,,,,,,,,,
,,,,,,,,,
