,ID,Borough,NAID,Network Area Hosting Capacity (kVA),Updated Date,LongRef,LatRef,Long,Lat,Zip,ZCTA
0,392.0,BRONX,24C,245.0,6/20/2018,24.0,C,40.85170386,73.92559518,10034.0,10034
1,505.0,BRONX,33G,605.0,6/20/2018,33.0,G,40.87318356,73.9102242,10034.0,10034
2,128.0,BRONX,11A,15.0,6/20/2018,11.0,A,40.821266,73.93206982,10039.0,10039
3,214.0,BRONX,15A,175.0,6/20/2018,15.0,A,40.83053565,73.93263964,10039.0,10039
4,374.0,BRONX,23C,80.0,6/20/2018,23.0,C,40.84938645,73.92545273,10040.0,10040
5,173.0,BRONX,13A,15.0,6/20/2018,13.0,A,40.82590083,73.93235473,10451.0,10451
6,103.0,BRONX,10A,30.0,6/20/2018,10.0,A,40.81894859,73.93192737,10451.0,10451
7,108.0,BRONX,10C,40.0,6/20/2018,10.0,C,40.81926009,73.92360084,10451.0,10451
8,39.0,BRONX,6A,90.0,6/20/2018,6.0,A,40.80967894,73.93135756,10451.0,10451
9,133.0,BRONX,11D,95.0,6/20/2018,11.0,D,40.82173325,73.91958003,10451.0,10451
10,67.0,BRONX,8A,160.0,6/20/2018,8.0,A,40.81431377,73.93164247,10451.0,10451
11,174.0,BRONX,13B,165.0,6/20/2018,13.0,B,40.82605658,73.92819146,10451.0,10451
12,131.0,BRONX,11B,200.0,6/20/2018,11.0,B,40.82142175,73.92790656,10451.0,10451
13,82.0,BRONX,9A,260.0,6/20/2018,9.0,A,40.81663118,73.93178492,10451.0,10451
14,177.0,BRONX,13E,305.0,6/20/2018,13.0,E,40.82652382,73.91570167,10451.0,10451
15,175.0,BRONX,13C,327.0,6/20/2018,13.0,C,40.82621232,73.9240282,10451.0,10451
16,70.0,BRONX,8C,345.0,6/20/2018,8.0,C,40.81462526,73.92331593,10451.0,10451
17,154.0,BRONX,12B,365.0,6/20/2018,12.0,B,40.82373916,73.92804901,10451.0,10451
18,53.0,BRONX,7B,396.0,6/20/2018,7.0,B,40.8121521,73.92733675,10451.0,10451
19,135.0,BRONX,11F,425.0,6/20/2018,11.0,F,40.82204474,73.9112535,10451.0,10451
20,132.0,BRONX,11C,430.0,6/20/2018,11.0,C,40.8215775,73.92374329,10451.0,10451
21,157.0,BRONX,12E,485.0,6/20/2018,12.0,E,40.82420641,73.91555922,10451.0,10451
22,151.0,BRONX,12A,490.0,6/20/2018,12.0,A,40.82358341,73.93221228,10451.0,10451
23,197.0,BRONX,14D,550.0,6/20/2018,14.0,D,40.82868548,73.92000739,10451.0,10451
24,69.0,BRONX,8B,555.0,6/20/2018,8.0,B,40.81446951,73.9274792,10451.0,10451
25,134.0,BRONX,11E,555.0,6/20/2018,11.0,E,40.821889,73.91541676,10451.0,10451
26,109.0,BRONX,10D,575.0,6/20/2018,10.0,D,40.81941584,73.91943757,10451.0,10451
27,195.0,BRONX,14B,600.0,6/20/2018,14.0,B,40.82837399,73.92833392,10451.0,10451
28,107.0,BRONX,10B,687.0,6/20/2018,10.0,B,40.81910434,73.92776411,10451.0,10451
29,86.0,BRONX,9D,778.0,6/20/2018,9.0,D,40.81709842,73.91929512,10451.0,10451
30,84.0,BRONX,9B,910.0,6/20/2018,9.0,B,40.81678693,73.92762165,10451.0,10451
31,111.0,BRONX,10F,910.0,6/20/2018,10.0,F,40.81972733,73.91111104,10451.0,10451
32,155.0,BRONX,12C,1075.0,6/20/2018,12.0,C,40.82389491,73.92388575,10451.0,10451
33,156.0,BRONX,12D,1191.0,6/20/2018,12.0,D,40.82405066,73.91972248,10451.0,10451
34,176.0,BRONX,13D,1860.0,6/20/2018,13.0,D,40.82636807,73.91986493,10451.0,10451
35,236.0,BRONX,16A,65.0,6/20/2018,16.0,A,40.83285306,73.93278209,10452.0,10452
36,299.0,BRONX,19B,75.0,6/20/2018,19.0,B,40.83996105,73.92904618,10452.0,10452
37,356.0,BRONX,22C,170.0,6/20/2018,22.0,C,40.84706903,73.92531028,10452.0,10452
38,301.0,BRONX,19D,185.0,6/20/2018,19.0,D,40.84027255,73.92071965,10452.0,10452
39,238.0,BRONX,16C,185.0,6/20/2018,16.0,C,40.83316456,73.92445556,10452.0,10452
40,279.0,BRONX,18C,195.0,6/20/2018,18.0,C,40.83779938,73.92474046,10452.0,10452
41,336.0,BRONX,21D,250.0,6/20/2018,21.0,D,40.84490737,73.92100456,10452.0,10452
42,237.0,BRONX,16B,305.0,6/20/2018,16.0,B,40.83300881,73.92861882,10452.0,10452
43,239.0,BRONX,16D,310.0,6/20/2018,16.0,D,40.83332031,73.92029229,10452.0,10452
44,337.0,BRONX,21E,345.0,6/20/2018,21.0,E,40.84506312,73.91684129,10452.0,10452
45,320.0,BRONX,20D,375.0,6/20/2018,20.0,D,40.84258996,73.92086211,10452.0,10452
46,321.0,BRONX,20E,390.0,6/20/2018,20.0,E,40.84274571,73.91669884,10452.0,10452
47,196.0,BRONX,14C,410.0,6/20/2018,14.0,C,40.82852974,73.92417065,10452.0,10452
48,216.0,BRONX,15C,415.0,6/20/2018,15.0,C,40.83084715,73.92431311,10452.0,10452
49,280.0,BRONX,18D,415.0,6/20/2018,18.0,D,40.83795513,73.9205772,10452.0,10452
50,278.0,BRONX,18B,485.0,6/20/2018,18.0,B,40.83764364,73.92890373,10452.0,10452
51,302.0,BRONX,19E,535.0,6/20/2018,19.0,E,40.84042829,73.91655639,10452.0,10452
52,300.0,BRONX,19C,545.0,6/20/2018,19.0,C,40.8401168,73.92488292,10452.0,10452
53,319.0,BRONX,20C,605.0,6/20/2018,20.0,C,40.84243421,73.92502537,10452.0,10452
54,259.0,BRONX,17C,606.0,6/20/2018,17.0,C,40.83548197,73.92459801,10452.0,10452
55,281.0,BRONX,18E,615.0,6/20/2018,18.0,E,40.83811088,73.91641393,10452.0,10452
56,258.0,BRONX,17B,815.0,6/20/2018,17.0,B,40.83532622,73.92876128,10452.0,10452
57,322.0,BRONX,20F,1045.0,6/20/2018,20.0,F,40.84290145,73.91253557,10452.0,10452
58,260.0,BRONX,17D,1331.0,6/20/2018,17.0,D,40.83563772,73.92043475,10452.0,10452
59,215.0,BRONX,15B,1615.0,6/20/2018,15.0,B,40.8306914,73.92847637,10452.0,10452
60,437.0,BRONX,27F,30.0,6/20/2018,27.0,F,40.85912334,73.91353275,10453.0,10453
61,407.0,BRONX,25D,35.0,6/20/2018,25.0,D,40.85417702,73.92157437,10453.0,10453
62,451.0,BRONX,28F,75.0,6/20/2018,28.0,F,40.86144075,73.9136752,10453.0,10453
63,423.0,BRONX,26E,85.0,6/20/2018,26.0,E,40.85665018,73.91755356,10453.0,10453
64,436.0,BRONX,27E,100.0,6/20/2018,27.0,E,40.85896759,73.91769601,10453.0,10453
65,408.0,BRONX,25E,135.0,6/20/2018,25.0,E,40.85433277,73.91741111,10453.0,10453
66,425.0,BRONX,26G,135.0,6/20/2018,26.0,G,40.85696168,73.90922703,10453.0,10453
67,359.0,BRONX,22F,145.0,6/20/2018,22.0,F,40.84753628,73.91282048,10453.0,10453
68,375.0,BRONX,23D,200.0,6/20/2018,23.0,D,40.84954219,73.92128946,10453.0,10453
69,395.0,BRONX,24F,225.0,6/20/2018,24.0,F,40.8521711,73.91310539,10453.0,10453
70,396.0,BRONX,24G,230.0,6/20/2018,24.0,G,40.85232685,73.90894212,10453.0,10453
71,426.0,BRONX,26H,275.0,6/20/2018,26.0,H,40.85711742,73.90506376,10453.0,10453
72,338.0,BRONX,21F,280.0,6/20/2018,21.0,F,40.84521887,73.91267803,10453.0,10453
73,376.0,BRONX,23E,285.0,6/20/2018,23.0,E,40.84969794,73.9171262,10453.0,10453
74,438.0,BRONX,27G,285.0,6/20/2018,27.0,G,40.85927909,73.90936948,10453.0,10453
75,357.0,BRONX,22D,305.0,6/20/2018,22.0,D,40.84722478,73.92114701,10453.0,10453
76,409.0,BRONX,25F,310.0,6/20/2018,25.0,F,40.85448852,73.91324784,10453.0,10453
77,424.0,BRONX,26F,310.0,6/20/2018,26.0,F,40.85680593,73.91339029,10453.0,10453
78,377.0,BRONX,23F,315.0,6/20/2018,23.0,F,40.84985369,73.91296293,10453.0,10453
79,378.0,BRONX,23G,320.0,6/20/2018,23.0,G,40.85000944,73.90879967,10453.0,10453
80,394.0,BRONX,24E,365.0,6/20/2018,24.0,E,40.85201535,73.91726865,10453.0,10453
81,410.0,BRONX,25G,395.0,6/20/2018,25.0,G,40.85464426,73.90908457,10453.0,10453
82,358.0,BRONX,22E,425.0,6/20/2018,22.0,E,40.84738053,73.91698375,10453.0,10453
83,393.0,BRONX,24D,520.0,6/20/2018,24.0,D,40.85185961,73.92143192,10453.0,10453
84,427.0,BRONX,26I,520.0,6/20/2018,26.0,I,40.85727317,73.9009005,10453.0,10453
85,411.0,BRONX,25H,620.0,6/20/2018,25.0,H,40.85480001,73.90492131,10453.0,10453
86,360.0,BRONX,22G,700.0,6/20/2018,22.0,G,40.84769203,73.90865721,10453.0,10453
87,1.0,BRONX,1E,15.0,6/20/2018,1.0,E,40.79871487,73.91399223,10454.0,10454
88,3.0,BRONX,2D,35.0,6/20/2018,2.0,D,40.80087654,73.91829795,10454.0,10454
89,52.0,BRONX,7A,40.0,6/20/2018,7.0,A,40.81199635,73.93150001,10454.0,10454
90,12.0,BRONX,3G,50.0,6/20/2018,3.0,G,40.80366119,73.90595061,10454.0,10454
91,5.0,BRONX,2F,55.0,6/20/2018,2.0,F,40.80118803,73.90997142,10454.0,10454
92,2.0,BRONX,1F,85.0,6/20/2018,1.0,F,40.79887062,73.90982897,10454.0,10454
93,4.0,BRONX,2E,125.0,6/20/2018,2.0,E,40.80103229,73.91413468,10454.0,10454
94,32.0,BRONX,5G,125.0,6/20/2018,5.0,G,40.80829602,73.90623551,10454.0,10454
95,44.0,BRONX,6F,125.0,6/20/2018,6.0,F,40.81045768,73.91054123,10454.0,10454
96,26.0,BRONX,5A,145.0,6/20/2018,5.0,A,40.80736153,73.93121511,10454.0,10454
97,43.0,BRONX,6E,160.0,6/20/2018,6.0,E,40.81030193,73.9147045,10454.0,10454
98,10.0,BRONX,3E,180.0,6/20/2018,3.0,E,40.8033497,73.91427714,10454.0,10454
99,55.0,BRONX,7D,180.0,6/20/2018,7.0,D,40.8124636,73.91901022,10454.0,10454
100,8.0,BRONX,3C,182.0,6/20/2018,3.0,C,40.8030382,73.92260367,10454.0,10454
101,21.0,BRONX,4F,195.0,6/20/2018,4.0,F,40.80582286,73.91025633,10454.0,10454
102,27.0,BRONX,5B,200.0,6/20/2018,5.0,B,40.80751728,73.92705184,10454.0,10454
103,6.0,BRONX,2G,205.0,6/20/2018,2.0,G,40.80134378,73.90580815,10454.0,10454
104,18.0,BRONX,4C,207.0,6/20/2018,4.0,C,40.80535561,73.92274612,10454.0,10454
105,31.0,BRONX,5F,215.0,6/20/2018,5.0,F,40.80814027,73.91039878,10454.0,10454
106,9.0,BRONX,3D,235.0,6/20/2018,3.0,D,40.80319395,73.9184404,10454.0,10454
107,11.0,BRONX,3F,289.0,6/20/2018,3.0,F,40.80350545,73.91011387,10454.0,10454
108,41.0,BRONX,6C,315.0,6/20/2018,6.0,C,40.80999044,73.92303103,10454.0,10454
109,17.0,BRONX,4B,350.0,6/20/2018,4.0,B,40.80519987,73.92690939,10454.0,10454
110,22.0,BRONX,4G,360.0,6/20/2018,4.0,G,40.80597861,73.90609306,10454.0,10454
111,19.0,BRONX,4D,385.0,6/20/2018,4.0,D,40.80551136,73.91858286,10454.0,10454
112,28.0,BRONX,5C,500.0,6/20/2018,5.0,C,40.80767303,73.92288857,10454.0,10454
113,40.0,BRONX,6B,585.0,6/20/2018,6.0,B,40.80983469,73.92719429,10454.0,10454
114,42.0,BRONX,6D,610.0,6/20/2018,6.0,D,40.81014619,73.91886776,10454.0,10454
115,20.0,BRONX,4E,615.0,6/20/2018,4.0,E,40.80566711,73.91441959,10454.0,10454
116,30.0,BRONX,5E,650.0,6/20/2018,5.0,E,40.80798452,73.91456204,10454.0,10454
117,29.0,BRONX,5D,900.0,6/20/2018,5.0,D,40.80782877,73.91872531,10454.0,10454
118,54.0,BRONX,7C,920.0,6/20/2018,7.0,C,40.81230785,73.92317348,10454.0,10454
119,33.0,BRONX,5H,30.0,6/20/2018,5.0,H,40.80845177,73.90207225,10455.0,10455
120,46.0,BRONX,6H,195.0,6/20/2018,6.0,H,40.81076918,73.9022147,10455.0,10455
121,23.0,BRONX,4H,310.0,6/20/2018,4.0,H,40.80613435,73.90192979,10455.0,10455
122,59.0,BRONX,7H,310.0,6/20/2018,7.0,H,40.81308659,73.90235715,10455.0,10455
123,75.0,BRONX,8H,340.0,6/20/2018,8.0,H,40.815404,73.90249961,10455.0,10455
124,91.0,BRONX,9I,345.0,6/20/2018,9.0,I,40.81787716,73.89847879,10455.0,10455
125,45.0,BRONX,6G,365.0,6/20/2018,6.0,G,40.81061343,73.90637797,10455.0,10455
126,73.0,BRONX,8F,366.0,6/20/2018,8.0,F,40.81509251,73.91082614,10455.0,10455
127,87.0,BRONX,9E,370.0,6/20/2018,9.0,E,40.81725417,73.91513186,10455.0,10455
128,57.0,BRONX,7F,400.0,6/20/2018,7.0,F,40.8127751,73.91068368,10455.0,10455
129,76.0,BRONX,8I,420.0,6/20/2018,8.0,I,40.81555975,73.89833634,10455.0,10455
130,110.0,BRONX,10E,420.0,6/20/2018,10.0,E,40.81957158,73.91527431,10455.0,10455
131,88.0,BRONX,9F,425.0,6/20/2018,9.0,F,40.81740992,73.91096859,10455.0,10455
132,89.0,BRONX,9G,455.0,6/20/2018,9.0,G,40.81756567,73.90680533,10455.0,10455
133,71.0,BRONX,8D,525.0,6/20/2018,8.0,D,40.81478101,73.91915267,10455.0,10455
134,56.0,BRONX,7E,550.0,6/20/2018,7.0,E,40.81261935,73.91484695,10455.0,10455
135,74.0,BRONX,8G,555.0,6/20/2018,8.0,G,40.81524826,73.90666287,10455.0,10455
136,72.0,BRONX,8E,560.0,6/20/2018,8.0,E,40.81493676,73.9149894,10455.0,10455
137,158.0,BRONX,12F,570.0,6/20/2018,12.0,F,40.82436216,73.91139595,10455.0,10455
138,90.0,BRONX,9H,720.0,6/20/2018,9.0,H,40.81772142,73.90264206,10455.0,10455
139,58.0,BRONX,7G,1035.0,6/20/2018,7.0,G,40.81293084,73.90652042,10455.0,10455
140,85.0,BRONX,9C,1735.0,6/20/2018,9.0,C,40.81694267,73.92345839,10455.0,10455
141,112.0,BRONX,10G,90.0,6/20/2018,10.0,G,40.81988308,73.90694778,10456.0,10456
142,160.0,BRONX,12H,135.0,6/20/2018,12.0,H,40.82467365,73.90306942,10456.0,10456
143,244.0,BRONX,16I,190.0,6/20/2018,16.0,I,40.83409905,73.89947597,10456.0,10456
144,202.0,BRONX,14I,195.0,6/20/2018,14.0,I,40.82946423,73.89919106,10456.0,10456
145,199.0,BRONX,14F,215.0,6/20/2018,14.0,F,40.82899698,73.91168086,10456.0,10456
146,241.0,BRONX,16F,232.0,6/20/2018,16.0,F,40.83363181,73.91196576,10456.0,10456
147,201.0,BRONX,14H,240.0,6/20/2018,14.0,H,40.82930848,73.90335432,10456.0,10456
148,178.0,BRONX,13F,255.0,6/20/2018,13.0,F,40.82667957,73.9115384,10456.0,10456
149,200.0,BRONX,14G,280.0,6/20/2018,14.0,G,40.82915273,73.90751759,10456.0,10456
150,263.0,BRONX,17G,295.0,6/20/2018,17.0,G,40.83610497,73.90794495,10456.0,10456
151,282.0,BRONX,18F,320.0,6/20/2018,18.0,F,40.83826663,73.91225067,10456.0,10456
152,264.0,BRONX,17H,335.0,6/20/2018,17.0,H,40.83626071,73.90378168,10456.0,10456
153,218.0,BRONX,15E,360.0,6/20/2018,15.0,E,40.83115864,73.91598657,10456.0,10456
154,261.0,BRONX,17E,363.0,6/20/2018,17.0,E,40.83579347,73.91627148,10456.0,10456
155,198.0,BRONX,14E,390.0,6/20/2018,14.0,E,40.82884123,73.91584412,10456.0,10456
156,262.0,BRONX,17F,409.0,6/20/2018,17.0,F,40.83594922,73.91210822,10456.0,10456
157,136.0,BRONX,11G,410.0,6/20/2018,11.0,G,40.82220049,73.90709023,10456.0,10456
158,283.0,BRONX,18G,420.0,6/20/2018,18.0,G,40.83842238,73.9080874,10456.0,10456
159,222.0,BRONX,15I,440.0,6/20/2018,15.0,I,40.83178164,73.89933351,10456.0,10456
160,240.0,BRONX,16E,450.0,6/20/2018,16.0,E,40.83347606,73.91612903,10456.0,10456
161,179.0,BRONX,13G,490.0,6/20/2018,13.0,G,40.82683532,73.90737514,10456.0,10456
162,137.0,BRONX,11H,500.0,6/20/2018,11.0,H,40.82235624,73.90292697,10456.0,10456
163,220.0,BRONX,15G,580.0,6/20/2018,15.0,G,40.83147014,73.90766004,10456.0,10456
164,159.0,BRONX,12G,630.0,6/20/2018,12.0,G,40.8245179,73.90723268,10456.0,10456
165,180.0,BRONX,13H,635.0,6/20/2018,13.0,H,40.82699107,73.90321187,10456.0,10456
166,242.0,BRONX,16G,670.0,6/20/2018,16.0,G,40.83378755,73.9078025,10456.0,10456
167,243.0,BRONX,16H,820.0,6/20/2018,16.0,H,40.8339433,73.90363923,10456.0,10456
168,221.0,BRONX,15H,960.0,6/20/2018,15.0,H,40.83162589,73.90349678,10456.0,10456
169,217.0,BRONX,15D,975.0,6/20/2018,15.0,D,40.8310029,73.92014984,10456.0,10456
170,219.0,BRONX,15F,1010.0,6/20/2018,15.0,F,40.83131439,73.91182331,10456.0,10456
171,326.0,BRONX,20J,30.0,6/20/2018,20.0,J,40.84352445,73.89588251,10457.0,10457
172,265.0,BRONX,17I,115.0,6/20/2018,17.0,I,40.83641646,73.89961842,10457.0,10457
173,341.0,BRONX,21I,145.0,6/20/2018,21.0,I,40.84568611,73.90018823,10457.0,10457
174,364.0,BRONX,22L,170.0,6/20/2018,22.0,L,40.84847077,73.88784089,10457.0,10457
175,361.0,BRONX,22H,175.0,6/20/2018,22.0,H,40.84784778,73.90449395,10457.0,10457
176,362.0,BRONX,22I,175.0,6/20/2018,22.0,I,40.84800352,73.90033068,10457.0,10457
177,363.0,BRONX,22J,175.0,6/20/2018,22.0,J,40.84815927,73.89616742,10457.0,10457
178,381.0,BRONX,23J,210.0,6/20/2018,23.0,J,40.85047668,73.89630987,10457.0,10457
179,340.0,BRONX,21H,230.0,6/20/2018,21.0,H,40.84553036,73.9043515,10457.0,10457
180,285.0,BRONX,18I,235.0,6/20/2018,18.0,I,40.83873387,73.89976087,10457.0,10457
181,323.0,BRONX,20G,240.0,6/20/2018,20.0,G,40.8430572,73.90837231,10457.0,10457
182,324.0,BRONX,20H,250.0,6/20/2018,20.0,H,40.84321295,73.90420904,10457.0,10457
183,339.0,BRONX,21G,255.0,6/20/2018,21.0,G,40.84537461,73.90851476,10457.0,10457
184,382.0,BRONX,23K,260.0,6/20/2018,23.0,K,40.85063243,73.89214661,10457.0,10457
185,383.0,BRONX,23L,260.0,6/20/2018,23.0,L,40.85078818,73.88798334,10457.0,10457
186,342.0,BRONX,21J,265.0,6/20/2018,21.0,J,40.84584186,73.89602497,10457.0,10457
187,413.0,BRONX,25J,270.0,6/20/2018,25.0,J,40.85511151,73.89659478,10457.0,10457
188,397.0,BRONX,24H,295.0,6/20/2018,24.0,H,40.8524826,73.90477886,10457.0,10457
189,380.0,BRONX,23I,300.0,6/20/2018,23.0,I,40.85032094,73.90047314,10457.0,10457
190,379.0,BRONX,23H,315.0,6/20/2018,23.0,H,40.85016519,73.9046364,10457.0,10457
191,325.0,BRONX,20I,322.0,6/20/2018,20.0,I,40.8433687,73.90004578,10457.0,10457
192,412.0,BRONX,25I,325.0,6/20/2018,25.0,I,40.85495576,73.90075804,10457.0,10457
193,303.0,BRONX,19F,376.0,6/20/2018,19.0,F,40.84058404,73.91239312,10457.0,10457
194,304.0,BRONX,19H,405.0,6/20/2018,19.0,H,40.84089554,73.90406659,10457.0,10457
195,284.0,BRONX,18H,435.0,6/20/2018,18.0,H,40.83857813,73.90392414,10457.0,10457
196,327.0,BRONX,20K,475.0,6/20/2018,20.0,K,40.8436802,73.89171925,10457.0,10457
197,398.0,BRONX,24I,510.0,6/20/2018,24.0,I,40.85263835,73.90061559,10457.0,10457
198,399.0,BRONX,24K,530.0,6/20/2018,24.0,K,40.85294984,73.89228906,10457.0,10457
199,305.0,BRONX,19I,560.0,6/20/2018,19.0,I,40.84105129,73.89990332,10457.0,10457
200,343.0,BRONX,21K,570.0,6/20/2018,21.0,K,40.84599761,73.8918617,10457.0,10457
201,344.0,BRONX,21L,915.0,6/20/2018,21.0,L,40.84615336,73.88769843,10457.0,10457
202,418.0,BRONX,25P,30.0,6/20/2018,25.0,P,40.856046,73.87161518,10458.0,10458
203,417.0,BRONX,25N,80.0,6/20/2018,25.0,N,40.8557345,73.87994172,10458.0,10458
204,431.0,BRONX,26M,110.0,6/20/2018,26.0,M,40.85789617,73.88424743,10458.0,10458
205,540.0,BRONX,35M,170.0,6/20/2018,35.0,M,40.87875288,73.88552951,10458.0,10458
206,476.0,BRONX,30M,175.0,6/20/2018,30.0,M,40.86716581,73.88481725,10458.0,10458
207,400.0,BRONX,24L,190.0,6/20/2018,24.0,L,40.85310559,73.88812579,10458.0,10458
208,477.0,BRONX,30N,190.0,6/20/2018,30.0,N,40.86732156,73.88065398,10458.0,10458
209,500.0,BRONX,32N,195.0,6/20/2018,32.0,N,40.87195639,73.88093889,10458.0,10458
210,487.0,BRONX,31M,210.0,6/20/2018,31.0,M,40.86948323,73.8849597,10458.0,10458
211,414.0,BRONX,25K,215.0,6/20/2018,25.0,K,40.85526726,73.89243151,10458.0,10458
212,430.0,BRONX,26L,225.0,6/20/2018,26.0,L,40.85774042,73.8884107,10458.0,10458
213,486.0,BRONX,31L,225.0,6/20/2018,31.0,L,40.86932748,73.88912296,10458.0,10458
214,511.0,BRONX,33M,225.0,6/20/2018,33.0,M,40.87411805,73.88524461,10458.0,10458
215,429.0,BRONX,26K,255.0,6/20/2018,26.0,K,40.85758467,73.89257397,10458.0,10458
216,510.0,BRONX,33L,260.0,6/20/2018,33.0,L,40.8739623,73.88940787,10458.0,10458
217,416.0,BRONX,25M,265.0,6/20/2018,25.0,M,40.85557875,73.88410498,10458.0,10458
218,428.0,BRONX,26J,275.0,6/20/2018,26.0,J,40.85742892,73.89673723,10458.0,10458
219,525.0,BRONX,34M,280.0,6/20/2018,34.0,M,40.87643546,73.88538706,10458.0,10458
220,401.0,BRONX,24M,285.0,6/20/2018,24.0,M,40.85326134,73.88396253,10458.0,10458
221,443.0,BRONX,27L,285.0,6/20/2018,27.0,L,40.86005783,73.88855315,10458.0,10458
222,499.0,BRONX,32M,290.0,6/20/2018,32.0,M,40.87180064,73.88510215,10458.0,10458
223,467.0,BRONX,29L,295.0,6/20/2018,29.0,L,40.86469265,73.88883806,10458.0,10458
224,488.0,BRONX,31N,295.0,6/20/2018,31.0,N,40.86963898,73.88079643,10458.0,10458
225,466.0,BRONX,29K,310.0,6/20/2018,29.0,K,40.86453691,73.89300132,10458.0,10458
226,475.0,BRONX,30L,310.0,6/20/2018,30.0,L,40.86701007,73.88898051,10458.0,10458
227,553.0,BRONX,36M,325.0,6/20/2018,36.0,M,40.88107029,73.88567196,10458.0,10458
228,415.0,BRONX,25L,405.0,6/20/2018,25.0,L,40.85542301,73.88826825,10458.0,10458
229,474.0,BRONX,30K,425.0,6/20/2018,30.0,K,40.86685432,73.89314378,10458.0,10458
230,442.0,BRONX,27K,525.0,6/20/2018,27.0,K,40.85990208,73.89271642,10458.0,10458
231,441.0,BRONX,27J,555.0,6/20/2018,27.0,J,40.85974633,73.89687968,10458.0,10458
232,456.0,BRONX,28K,625.0,6/20/2018,28.0,K,40.86221949,73.89285887,10458.0,10458
233,455.0,BRONX,28J,815.0,6/20/2018,28.0,J,40.86206375,73.89702214,10458.0,10458
234,457.0,BRONX,28M,940.0,6/20/2018,28.0,M,40.86253099,73.88453234,10458.0,10458
235,204.0,BRONX,14L,75.0,6/20/2018,14.0,L,40.82993147,73.88670126,10459.0,10459
236,141.0,BRONX,11L,120.0,6/20/2018,11.0,L,40.82297923,73.8862739,10459.0,10459
237,224.0,BRONX,15K,135.0,6/20/2018,15.0,K,40.83209313,73.89100698,10459.0,10459
238,162.0,BRONX,12J,165.0,6/20/2018,12.0,J,40.82498515,73.89474289,10459.0,10459
239,182.0,BRONX,13J,320.0,6/20/2018,13.0,J,40.82730256,73.89488534,10459.0,10459
240,184.0,BRONX,13L,335.0,6/20/2018,13.0,L,40.82761406,73.88655881,10459.0,10459
241,92.0,BRONX,9J,340.0,6/20/2018,9.0,J,40.81803291,73.89431553,10459.0,10459
242,183.0,BRONX,13K,350.0,6/20/2018,13.0,K,40.82745831,73.89072208,10459.0,10459
243,139.0,BRONX,11J,410.0,6/20/2018,11.0,J,40.82266774,73.89460043,10459.0,10459
244,138.0,BRONX,11I,435.0,6/20/2018,11.0,I,40.82251199,73.8987637,10459.0,10459
245,113.0,BRONX,10H,495.0,6/20/2018,10.0,H,40.82003883,73.90278451,10459.0,10459
246,114.0,BRONX,10I,500.0,6/20/2018,10.0,I,40.82019458,73.89862125,10459.0,10459
247,203.0,BRONX,14K,510.0,6/20/2018,14.0,K,40.82977572,73.89086453,10459.0,10459
248,161.0,BRONX,12I,535.0,6/20/2018,12.0,I,40.8248294,73.89890615,10459.0,10459
249,181.0,BRONX,13I,645.0,6/20/2018,13.0,I,40.82714681,73.89904861,10459.0,10459
250,223.0,BRONX,15J,665.0,6/20/2018,15.0,J,40.83193739,73.89517025,10459.0,10459
251,115.0,BRONX,10J,715.0,6/20/2018,10.0,J,40.82035032,73.89445798,10459.0,10459
252,140.0,BRONX,11K,730.0,6/20/2018,11.0,K,40.82282349,73.89043717,10459.0,10459
253,347.0,BRONX,21P,15.0,6/20/2018,21.0,P,40.84677635,73.87104537,10460.0,10460
254,270.0,BRONX,17O,50.0,6/20/2018,17.0,O,40.83735095,73.87463883,10460.0,10460
255,366.0,BRONX,22P,50.0,6/20/2018,22.0,P,40.84909376,73.87118783,10460.0,10460
256,226.0,BRONX,15M,80.0,6/20/2018,15.0,M,40.83240463,73.88268045,10460.0,10460
257,246.0,BRONX,16K,80.0,6/20/2018,16.0,K,40.83441055,73.89114943,10460.0,10460
258,269.0,BRONX,17N,80.0,6/20/2018,17.0,N,40.8371952,73.87880209,10460.0,10460
259,288.0,BRONX,18N,90.0,6/20/2018,18.0,N,40.83951262,73.87894454,10460.0,10460
260,268.0,BRONX,17M,95.0,6/20/2018,17.0,M,40.83703946,73.88296536,10460.0,10460
261,307.0,BRONX,19L,100.0,6/20/2018,19.0,L,40.84151853,73.88741353,10460.0,10460
262,252.0,BRONX,16Q,140.0,6/20/2018,16.0,Q,40.83534504,73.86616984,10460.0,10460
263,271.0,BRONX,17P,140.0,6/20/2018,17.0,P,40.8375067,73.87047556,10460.0,10460
264,248.0,BRONX,16M,145.0,6/20/2018,16.0,M,40.83472204,73.8828229,10460.0,10460
265,289.0,BRONX,18O,185.0,6/20/2018,18.0,O,40.83966836,73.87478128,10460.0,10460
266,365.0,BRONX,22M,195.0,6/20/2018,22.0,M,40.84862652,73.88367762,10460.0,10460
267,286.0,BRONX,18L,215.0,6/20/2018,18.0,L,40.83920112,73.88727108,10460.0,10460
268,245.0,BRONX,16J,225.0,6/20/2018,16.0,J,40.8342548,73.8953127,10460.0,10460
269,266.0,BRONX,17K,230.0,6/20/2018,17.0,K,40.83672796,73.89129189,10460.0,10460
270,306.0,BRONX,19K,235.0,6/20/2018,19.0,K,40.84136278,73.89157679,10460.0,10460
271,290.0,BRONX,18Q,240.0,6/20/2018,18.0,Q,40.83997986,73.86645475,10460.0,10460
272,225.0,BRONX,15L,245.0,6/20/2018,15.0,L,40.83224888,73.88684372,10460.0,10460
273,287.0,BRONX,18M,280.0,6/20/2018,18.0,M,40.83935687,73.88310781,10460.0,10460
274,309.0,BRONX,19N,355.0,6/20/2018,19.0,N,40.84183003,73.879087,10460.0,10460
275,384.0,BRONX,23M,355.0,6/20/2018,23.0,M,40.85094393,73.88382007,10460.0,10460
276,345.0,BRONX,21M,360.0,6/20/2018,21.0,M,40.8463091,73.88353517,10460.0,10460
277,247.0,BRONX,16L,455.0,6/20/2018,16.0,L,40.83456629,73.88698617,10460.0,10460
278,163.0,BRONX,12K,460.0,6/20/2018,12.0,K,40.8251409,73.89057962,10460.0,10460
279,272.0,BRONX,17Q,485.0,6/20/2018,17.0,Q,40.83766245,73.86631229,10460.0,10460
280,308.0,BRONX,19M,515.0,6/20/2018,19.0,M,40.84167428,73.88325026,10460.0,10460
281,328.0,BRONX,20M,690.0,6/20/2018,20.0,M,40.84399169,73.88339272,10460.0,10460
282,329.0,BRONX,20N,690.0,6/20/2018,20.0,N,40.84414744,73.87922945,10460.0,10460
283,267.0,BRONX,17L,715.0,6/20/2018,17.0,L,40.83688371,73.88712862,10460.0,10460
284,298.0,BRONX,18Z,10.0,6/20/2018,18.0,Z,40.8413816,73.82898536,10461.0,10461
285,316.0,BRONX,19Y,15.0,6/20/2018,19.0,Y,40.84354326,73.83329108,10461.0,10461
286,315.0,BRONX,19X,25.0,6/20/2018,19.0,X,40.84338751,73.83745434,10461.0,10461
287,369.0,BRONX,22U,30.0,6/20/2018,22.0,U,40.8498725,73.8503715,10461.0,10461
288,194.0,BRONX,13W,40.0,6/20/2018,13.0,W,40.82932729,73.84076289,10461.0,10461
289,387.0,BRONX,23U,50.0,6/20/2018,23.0,U,40.85218992,73.85051395,10461.0,10461
290,297.0,BRONX,18X,70.0,6/20/2018,18.0,X,40.8410701,73.83731189,10461.0,10461
291,355.0,BRONX,22AA,75.0,6/20/2018,22.0,AA,40.85080699,73.8253919,10461.0,10461
292,390.0,BRONX,23Y,75.0,6/20/2018,23.0,Y,40.85281291,73.83386089,10461.0,10461
293,317.0,BRONX,19Z,105.0,6/20/2018,19.0,Z,40.84369901,73.82912781,10461.0,10461
294,314.0,BRONX,19V,110.0,6/20/2018,19.0,V,40.84307601,73.84578087,10461.0,10461
295,421.0,BRONX,25S,110.0,6/20/2018,25.0,S,40.85651324,73.85912539,10461.0,10461
296,353.0,BRONX,21Y,130.0,6/20/2018,21.0,Y,40.84817808,73.83357598,10461.0,10461
297,257.0,BRONX,16V,145.0,6/20/2018,16.0,V,40.83612378,73.84535351,10461.0,10461
298,389.0,BRONX,23W,180.0,6/20/2018,23.0,W,40.85250141,73.84218742,10461.0,10461
299,296.0,BRONX,18W,195.0,6/20/2018,18.0,W,40.84091435,73.84147515,10461.0,10461
300,294.0,BRONX,18U,200.0,6/20/2018,18.0,U,40.84060285,73.84980169,10461.0,10461
301,351.0,BRONX,21V,205.0,6/20/2018,21.0,V,40.84771084,73.84606578,10461.0,10461
302,373.0,BRONX,22Z,215.0,6/20/2018,22.0,Z,40.85065124,73.82955517,10461.0,10461
303,346.0,BRONX,21N,220.0,6/20/2018,21.0,N,40.84646485,73.8793719,10461.0,10461
304,406.0,BRONX,24Z,220.0,6/20/2018,24.0,Z,40.85528607,73.82984008,10461.0,10461
305,372.0,BRONX,22Y,225.0,6/20/2018,22.0,Y,40.8504955,73.83371844,10461.0,10461
306,404.0,BRONX,24V,230.0,6/20/2018,24.0,V,40.85466308,73.84649314,10461.0,10461
307,354.0,BRONX,21Z,310.0,6/20/2018,21.0,Z,40.84833383,73.82941272,10461.0,10461
308,334.0,BRONX,20Y,320.0,6/20/2018,20.0,Y,40.84586067,73.83343353,10461.0,10461
309,295.0,BRONX,18V,325.0,6/20/2018,18.0,V,40.8407586,73.84563842,10461.0,10461
310,335.0,BRONX,20Z,330.0,6/20/2018,20.0,Z,40.84601642,73.82927026,10461.0,10461
311,405.0,BRONX,24W,445.0,6/20/2018,24.0,W,40.85481882,73.84232987,10461.0,10461
312,391.0,BRONX,23Z,505.0,6/20/2018,23.0,Z,40.85296866,73.82969762,10461.0,10461
313,277.0,BRONX,17V,575.0,6/20/2018,17.0,V,40.83844119,73.84549597,10461.0,10461
314,352.0,BRONX,21W,725.0,6/20/2018,21.0,W,40.84786659,73.84190251,10461.0,10461
315,371.0,BRONX,22W,775.0,6/20/2018,22.0,W,40.850184,73.84204497,10461.0,10461
316,422.0,BRONX,25V,815.0,6/20/2018,25.0,V,40.85698049,73.84663559,10461.0,10461
317,370.0,BRONX,22V,870.0,6/20/2018,22.0,V,40.85002825,73.84620823,10461.0,10461
318,213.0,BRONX,14V,10.0,6/20/2018,14.0,V,40.83148895,73.84506861,10462.0,10462
319,193.0,BRONX,13V,35.0,6/20/2018,13.0,V,40.82917154,73.84492615,10462.0,10462
320,332.0,BRONX,20S,60.0,6/20/2018,20.0,S,40.84492618,73.85841312,10462.0,10462
321,367.0,BRONX,22Q,60.0,6/20/2018,22.0,Q,40.84924951,73.86702456,10462.0,10462
322,235.0,BRONX,15V,70.0,6/20/2018,15.0,V,40.83380637,73.84521106,10462.0,10462
323,350.0,BRONX,21S,90.0,6/20/2018,21.0,S,40.84724359,73.85855558,10462.0,10462
324,349.0,BRONX,21R,105.0,6/20/2018,21.0,R,40.84708785,73.86271884,10462.0,10462
325,348.0,BRONX,21Q,125.0,6/20/2018,21.0,Q,40.8469321,73.86688211,10462.0,10462
326,368.0,BRONX,22R,125.0,6/20/2018,22.0,R,40.84940526,73.86286129,10462.0,10462
327,312.0,BRONX,19S,140.0,6/20/2018,19.0,S,40.84260877,73.85827067,10462.0,10462
328,420.0,BRONX,25R,145.0,6/20/2018,25.0,R,40.85635749,73.86328865,10462.0,10462
329,234.0,BRONX,15U,155.0,6/20/2018,15.0,U,40.83365062,73.84937433,10462.0,10462
330,330.0,BRONX,20Q,155.0,6/20/2018,20.0,Q,40.84461469,73.86673965,10462.0,10462
331,276.0,BRONX,17U,160.0,6/20/2018,17.0,U,40.83828544,73.84965923,10462.0,10462
332,403.0,BRONX,24R,190.0,6/20/2018,24.0,R,40.85404008,73.8631462,10462.0,10462
333,419.0,BRONX,25Q,200.0,6/20/2018,25.0,Q,40.85620175,73.86745192,10462.0,10462
334,274.0,BRONX,17S,210.0,6/20/2018,17.0,S,40.83797395,73.85798576,10462.0,10462
335,311.0,BRONX,19R,240.0,6/20/2018,19.0,R,40.84245302,73.86243394,10462.0,10462
336,313.0,BRONX,19T,240.0,6/20/2018,19.0,T,40.84276452,73.8541074,10462.0,10462
337,386.0,BRONX,23R,260.0,6/20/2018,23.0,R,40.85172267,73.86300375,10462.0,10462
338,331.0,BRONX,20R,265.0,6/20/2018,20.0,R,40.84477043,73.86257639,10462.0,10462
339,212.0,BRONX,14U,270.0,6/20/2018,14.0,U,40.8313332,73.84923187,10462.0,10462
340,256.0,BRONX,16U,281.0,6/20/2018,16.0,U,40.83596803,73.84951678,10462.0,10462
341,291.0,BRONX,18R,310.0,6/20/2018,18.0,R,40.84013561,73.86229148,10462.0,10462
342,385.0,BRONX,23Q,325.0,6/20/2018,23.0,Q,40.85156692,73.86716701,10462.0,10462
343,253.0,BRONX,16R,380.0,6/20/2018,16.0,R,40.83550078,73.86200658,10462.0,10462
344,254.0,BRONX,16S,400.0,6/20/2018,16.0,S,40.83565653,73.85784331,10462.0,10462
345,275.0,BRONX,17T,400.0,6/20/2018,17.0,T,40.83812969,73.8538225,10462.0,10462
346,310.0,BRONX,19O,410.0,6/20/2018,19.0,O,40.84198578,73.87492373,10462.0,10462
347,233.0,BRONX,15T,415.0,6/20/2018,15.0,T,40.83349487,73.85353759,10462.0,10462
348,402.0,BRONX,24Q,425.0,6/20/2018,24.0,Q,40.85388433,73.86730947,10462.0,10462
349,232.0,BRONX,15S,435.0,6/20/2018,15.0,S,40.83333912,73.85770086,10462.0,10462
350,255.0,BRONX,16T,475.0,6/20/2018,16.0,T,40.83581228,73.85368004,10462.0,10462
351,273.0,BRONX,17R,510.0,6/20/2018,17.0,R,40.8378182,73.86214903,10462.0,10462
352,292.0,BRONX,18S,520.0,6/20/2018,18.0,S,40.84029136,73.85812822,10462.0,10462
353,231.0,BRONX,15R,535.0,6/20/2018,15.0,R,40.83318337,73.86186412,10462.0,10462
354,293.0,BRONX,18T,645.0,6/20/2018,18.0,T,40.84044711,73.85396495,10462.0,10462
355,470.0,BRONX,30G,35.0,6/20/2018,30.0,G,40.86623133,73.90979684,10463.0,10463
356,565.0,BRONX,37L,40.0,6/20/2018,37.0,L,40.88323195,73.88997768,10463.0,10463
357,534.0,BRONX,35F,50.0,6/20/2018,35.0,F,40.87766264,73.91467237,10463.0,10463
358,560.0,BRONX,37G,105.0,6/20/2018,37.0,G,40.88245321,73.91079401,10463.0,10463
359,563.0,BRONX,37J,115.0,6/20/2018,37.0,J,40.88292046,73.89830421,10463.0,10463
360,538.0,BRONX,35K,120.0,6/20/2018,35.0,K,40.87844138,73.89385604,10463.0,10463
361,557.0,BRONX,37D,120.0,6/20/2018,37.0,D,40.88198597,73.92328381,10463.0,10463
362,580.0,BRONX,39F,120.0,6/20/2018,39.0,F,40.88693229,73.91524218,10463.0,10463
363,571.0,BRONX,38H,125.0,6/20/2018,38.0,H,40.88492637,73.9067732,10463.0,10463
364,537.0,BRONX,35J,135.0,6/20/2018,35.0,J,40.87828563,73.89801931,10463.0,10463
365,523.0,BRONX,34I,140.0,6/20/2018,34.0,I,40.87581247,73.90204012,10463.0,10463
366,573.0,BRONX,38J,155.0,6/20/2018,38.0,J,40.88523787,73.89844667,10463.0,10463
367,520.0,BRONX,34F,160.0,6/20/2018,34.0,F,40.87534523,73.91452992,10463.0,10463
368,591.0,BRONX,40J,180.0,6/20/2018,40.0,J,40.88987269,73.89873157,10463.0,10463
369,547.0,BRONX,36E,200.0,6/20/2018,36.0,E,40.8798243,73.91897809,10463.0,10463
370,564.0,BRONX,37K,205.0,6/20/2018,37.0,K,40.8830762,73.89414095,10463.0,10463
371,548.0,BRONX,36F,220.0,6/20/2018,36.0,F,40.87998005,73.91481482,10463.0,10463
372,561.0,BRONX,37H,230.0,6/20/2018,37.0,H,40.88260896,73.90663075,10463.0,10463
373,559.0,BRONX,37F,255.0,6/20/2018,37.0,F,40.88229746,73.91495728,10463.0,10463
374,574.0,BRONX,38K,255.0,6/20/2018,38.0,K,40.88539362,73.8942834,10463.0,10463
375,590.0,BRONX,40I,255.0,6/20/2018,40.0,I,40.88971694,73.90289484,10463.0,10463
376,535.0,BRONX,35G,260.0,6/20/2018,35.0,G,40.87781839,73.9105091,10463.0,10463
377,562.0,BRONX,37I,270.0,6/20/2018,37.0,I,40.88276471,73.90246748,10463.0,10463
378,569.0,BRONX,38F,270.0,6/20/2018,38.0,F,40.88461487,73.91509973,10463.0,10463
379,575.0,BRONX,38L,270.0,6/20/2018,38.0,L,40.88554936,73.89012014,10463.0,10463
380,588.0,BRONX,40G,270.0,6/20/2018,40.0,G,40.88940545,73.91122137,10463.0,10463
381,522.0,BRONX,34H,275.0,6/20/2018,34.0,H,40.87565672,73.90620339,10463.0,10463
382,552.0,BRONX,36J,280.0,6/20/2018,36.0,J,40.88060304,73.89816176,10463.0,10463
383,494.0,BRONX,32H,305.0,6/20/2018,32.0,H,40.8710219,73.90591848,10463.0,10463
384,533.0,BRONX,35E,320.0,6/20/2018,35.0,E,40.87750689,73.91883564,10463.0,10463
385,551.0,BRONX,36I,325.0,6/20/2018,36.0,I,40.8804473,73.90232503,10463.0,10463
386,582.0,BRONX,39H,350.0,6/20/2018,39.0,H,40.88724378,73.90691565,10463.0,10463
387,587.0,BRONX,40F,365.0,6/20/2018,40.0,F,40.8892497,73.91538464,10463.0,10463
388,521.0,BRONX,34G,370.0,6/20/2018,34.0,G,40.87550097,73.91036665,10463.0,10463
389,549.0,BRONX,36G,385.0,6/20/2018,36.0,G,40.8801358,73.91065156,10463.0,10463
390,572.0,BRONX,38I,385.0,6/20/2018,38.0,I,40.88508212,73.90260993,10463.0,10463
391,558.0,BRONX,37E,390.0,6/20/2018,37.0,E,40.88214171,73.91912054,10463.0,10463
392,536.0,BRONX,35H,395.0,6/20/2018,35.0,H,40.87797413,73.90634584,10463.0,10463
393,570.0,BRONX,38G,405.0,6/20/2018,38.0,G,40.88477062,73.91093646,10463.0,10463
394,507.0,BRONX,33I,430.0,6/20/2018,33.0,I,40.87349506,73.90189767,10463.0,10463
395,506.0,BRONX,33H,460.0,6/20/2018,33.0,H,40.87333931,73.90606093,10463.0,10463
396,581.0,BRONX,39G,480.0,6/20/2018,39.0,G,40.88708804,73.91107892,10463.0,10463
397,550.0,BRONX,36H,555.0,6/20/2018,36.0,H,40.88029155,73.90648829,10463.0,10463
398,106.0,BRONX,10AC,25.0,6/20/2018,10.0,AC,40.82330954,73.81535594,10465.0,10465
399,68.0,BRONX,8AA,30.0,6/20/2018,8.0,AA,40.81836322,73.82339756,10465.0,10465
400,81.0,BRONX,8X,30.0,6/20/2018,8.0,X,40.81789598,73.83588736,10465.0,10465
401,102.0,BRONX,9Z,85.0,6/20/2018,9.0,Z,40.82052489,73.82770328,10465.0,10465
402,127.0,BRONX,10Z,90.0,6/20/2018,10.0,Z,40.8228423,73.82784573,10465.0,10465
403,105.0,BRONX,10AB,145.0,6/20/2018,10.0,AB,40.82315379,73.8195192,10465.0,10465
404,83.0,BRONX,9AA,150.0,6/20/2018,9.0,AA,40.82068063,73.82354001,10465.0,10465
405,126.0,BRONX,10X,160.0,6/20/2018,10.0,X,40.8225308,73.83617226,10465.0,10465
406,153.0,BRONX,12AB,160.0,6/20/2018,12.0,AB,40.82778862,73.81980411,10465.0,10465
407,172.0,BRONX,12W,160.0,6/20/2018,12.0,W,40.82700988,73.84062044,10465.0,10465
408,318.0,BRONX,20AA,180.0,6/20/2018,20.0,AA,40.84617217,73.825107,10465.0,10465
409,152.0,BRONX,12AA,195.0,6/20/2018,12.0,AA,40.82763287,73.82396737,10465.0,10465
410,129.0,BRONX,11AA,205.0,6/20/2018,11.0,AA,40.82531546,73.82382492,10465.0,10465
411,104.0,BRONX,10AA,215.0,6/20/2018,10.0,AA,40.82299805,73.82368247,10465.0,10465
412,150.0,BRONX,11W,290.0,6/20/2018,11.0,W,40.82469246,73.84047798,10465.0,10465
413,130.0,BRONX,11AB,300.0,6/20/2018,11.0,AB,40.82547121,73.81966166,10465.0,10465
414,601.0,BRONX,42T,85.0,6/20/2018,42.0,T,40.896065,73.85738382,10466.0,10466
415,585.0,BRONX,39S,140.0,6/20/2018,39.0,S,40.88895701,73.86111973,10466.0,10466
416,597.0,BRONX,41T,150.0,6/20/2018,41.0,T,40.89374759,73.85724137,10466.0,10466
417,592.0,BRONX,40S,155.0,6/20/2018,40.0,S,40.89127443,73.86126218,10466.0,10466
418,579.0,BRONX,38S,220.0,6/20/2018,38.0,S,40.8866396,73.86097728,10466.0,10466
419,593.0,BRONX,40T,255.0,6/20/2018,40.0,T,40.89143018,73.85709892,10466.0,10466
420,596.0,BRONX,41S,375.0,6/20/2018,41.0,S,40.89359184,73.86140464,10466.0,10466
421,444.0,BRONX,27N,20.0,6/20/2018,27.0,N,40.86036933,73.88022662,10467.0,10467
422,478.0,BRONX,30P,25.0,6/20/2018,30.0,P,40.86763306,73.87232745,10467.0,10467
423,502.0,BRONX,32P,30.0,6/20/2018,32.0,P,40.87226788,73.87261236,10467.0,10467
424,577.0,BRONX,38O,40.0,6/20/2018,38.0,O,40.88601661,73.87763034,10467.0,10467
425,445.0,BRONX,27P,45.0,6/20/2018,27.0,P,40.86068082,73.87190009,10467.0,10467
426,458.0,BRONX,28P,45.0,6/20/2018,28.0,P,40.86299824,73.87204254,10467.0,10467
427,480.0,BRONX,30R,45.0,6/20/2018,30.0,R,40.86794456,73.86400092,10467.0,10467
428,528.0,BRONX,34P,45.0,6/20/2018,34.0,P,40.87690271,73.87289726,10467.0,10467
429,529.0,BRONX,34Q,50.0,6/20/2018,34.0,Q,40.87705846,73.868734,10467.0,10467
430,530.0,BRONX,34R,70.0,6/20/2018,34.0,R,40.87721421,73.86457073,10467.0,10467
431,515.0,BRONX,33Q,75.0,6/20/2018,33.0,Q,40.87474104,73.86859154,10467.0,10467
432,490.0,BRONX,31Q,80.0,6/20/2018,31.0,Q,40.87010622,73.86830664,10467.0,10467
433,567.0,BRONX,37O,80.0,6/20/2018,37.0,O,40.8836992,73.87748789,10467.0,10467
434,516.0,BRONX,33R,90.0,6/20/2018,33.0,R,40.87489679,73.86442828,10467.0,10467
435,432.0,BRONX,26P,95.0,6/20/2018,26.0,P,40.85836341,73.87175764,10467.0,10467
436,544.0,BRONX,35Q,100.0,6/20/2018,35.0,Q,40.87937587,73.86887645,10467.0,10467
437,503.0,BRONX,32Q,105.0,6/20/2018,32.0,Q,40.87242363,73.86844909,10467.0,10467
438,514.0,BRONX,33P,115.0,6/20/2018,33.0,P,40.8745853,73.87275481,10467.0,10467
439,447.0,BRONX,27R,120.0,6/20/2018,27.0,R,40.86099232,73.86357356,10467.0,10467
440,489.0,BRONX,31P,125.0,6/20/2018,31.0,P,40.86995047,73.8724699,10467.0,10467
441,434.0,BRONX,26R,130.0,6/20/2018,26.0,R,40.85867491,73.86343111,10467.0,10467
442,459.0,BRONX,28Q,140.0,6/20/2018,28.0,Q,40.86315398,73.86787928,10467.0,10467
443,545.0,BRONX,35R,150.0,6/20/2018,35.0,R,40.87953162,73.86471318,10467.0,10467
444,568.0,BRONX,37R,150.0,6/20/2018,37.0,R,40.88416644,73.86499809,10467.0,10467
445,584.0,BRONX,39R,150.0,6/20/2018,39.0,R,40.88880127,73.865283,10467.0,10467
446,566.0,BRONX,37N,160.0,6/20/2018,37.0,N,40.88354345,73.88165115,10467.0,10467
447,469.0,BRONX,29R,165.0,6/20/2018,29.0,R,40.86562714,73.86385847,10467.0,10467
448,479.0,BRONX,30Q,180.0,6/20/2018,30.0,Q,40.86778881,73.86816418,10467.0,10467
449,501.0,BRONX,32O,180.0,6/20/2018,32.0,O,40.87211214,73.87677562,10467.0,10467
450,578.0,BRONX,38R,180.0,6/20/2018,38.0,R,40.88648385,73.86514054,10467.0,10467
451,460.0,BRONX,28R,185.0,6/20/2018,28.0,R,40.86330973,73.86371601,10467.0,10467
452,556.0,BRONX,36R,185.0,6/20/2018,36.0,R,40.88184903,73.86485564,10467.0,10467
453,555.0,BRONX,36O,220.0,6/20/2018,36.0,O,40.88138178,73.87734543,10467.0,10467
454,491.0,BRONX,31R,240.0,6/20/2018,31.0,R,40.87026197,73.86414337,10467.0,10467
455,512.0,BRONX,33N,240.0,6/20/2018,33.0,N,40.8742738,73.88108134,10467.0,10467
456,527.0,BRONX,34O,245.0,6/20/2018,34.0,O,40.87674696,73.87706053,10467.0,10467
457,541.0,BRONX,35N,260.0,6/20/2018,35.0,N,40.87890862,73.88136625,10467.0,10467
458,513.0,BRONX,33O,270.0,6/20/2018,33.0,O,40.87442955,73.87691807,10467.0,10467
459,542.0,BRONX,35O,270.0,6/20/2018,35.0,O,40.87906437,73.87720298,10467.0,10467
460,526.0,BRONX,34N,310.0,6/20/2018,34.0,N,40.87659121,73.88122379,10467.0,10467
461,433.0,BRONX,26Q,315.0,6/20/2018,26.0,Q,40.85851916,73.86759437,10467.0,10467
462,543.0,BRONX,35P,365.0,6/20/2018,35.0,P,40.87922012,73.87303972,10467.0,10467
463,468.0,BRONX,29Q,430.0,6/20/2018,29.0,Q,40.8654714,73.86802173,10467.0,10467
464,446.0,BRONX,27Q,490.0,6/20/2018,27.0,Q,40.86083657,73.86773683,10467.0,10467
465,554.0,BRONX,36N,1715.0,6/20/2018,36.0,N,40.88122604,73.8815087,10467.0,10467
466,539.0,BRONX,35L,10.0,6/20/2018,35.0,L,40.87859713,73.88969278,10468.0,10468
467,508.0,BRONX,33J,15.0,6/20/2018,33.0,J,40.87365081,73.8977344,10468.0,10468
468,576.0,BRONX,38N,45.0,6/20/2018,38.0,N,40.88586086,73.88179361,10468.0,10468
469,482.0,BRONX,31H,90.0,6/20/2018,31.0,H,40.86870449,73.90577603,10468.0,10468
470,462.0,BRONX,29G,120.0,6/20/2018,29.0,G,40.86391391,73.90965439,10468.0,10468
471,465.0,BRONX,29J,140.0,6/20/2018,29.0,J,40.86438116,73.89716459,10468.0,10468
472,524.0,BRONX,34L,156.0,6/20/2018,34.0,L,40.87627972,73.88955032,10468.0,10468
473,471.0,BRONX,30H,160.0,6/20/2018,30.0,H,40.86638707,73.90563357,10468.0,10468
474,495.0,BRONX,32I,165.0,6/20/2018,32.0,I,40.87117765,73.90175521,10468.0,10468
475,452.0,BRONX,28G,185.0,6/20/2018,28.0,G,40.8615965,73.90951193,10468.0,10468
476,473.0,BRONX,30J,185.0,6/20/2018,30.0,J,40.86669857,73.89730704,10468.0,10468
477,484.0,BRONX,31J,210.0,6/20/2018,31.0,J,40.86901598,73.8974495,10468.0,10468
478,496.0,BRONX,32J,230.0,6/20/2018,32.0,J,40.87133339,73.89759195,10468.0,10468
479,497.0,BRONX,32K,235.0,6/20/2018,32.0,K,40.87148914,73.89342868,10468.0,10468
480,498.0,BRONX,32L,245.0,6/20/2018,32.0,L,40.87164489,73.88926542,10468.0,10468
481,485.0,BRONX,31K,265.0,6/20/2018,31.0,K,40.86917173,73.89328623,10468.0,10468
482,440.0,BRONX,27I,310.0,6/20/2018,27.0,I,40.85959058,73.90104295,10468.0,10468
483,439.0,BRONX,27H,335.0,6/20/2018,27.0,H,40.85943484,73.90520621,10468.0,10468
484,483.0,BRONX,31I,335.0,6/20/2018,31.0,I,40.86886023,73.90161276,10468.0,10468
485,453.0,BRONX,28H,360.0,6/20/2018,28.0,H,40.86175225,73.90534867,10468.0,10468
486,463.0,BRONX,29H,365.0,6/20/2018,29.0,H,40.86406966,73.90549112,10468.0,10468
487,464.0,BRONX,29I,400.0,6/20/2018,29.0,I,40.86422541,73.90132786,10468.0,10468
488,472.0,BRONX,30I,455.0,6/20/2018,30.0,I,40.86654282,73.90147031,10468.0,10468
489,454.0,BRONX,28I,475.0,6/20/2018,28.0,I,40.861908,73.9011854,10468.0,10468
490,509.0,BRONX,33K,650.0,6/20/2018,33.0,K,40.87380655,73.89357114,10468.0,10468
491,504.0,BRONX,32U,35.0,6/20/2018,32.0,U,40.87304663,73.85179603,10469.0,10469
492,517.0,BRONX,33S,40.0,6/20/2018,33.0,S,40.87505254,73.86026501,10469.0,10469
493,546.0,BRONX,35V,40.0,6/20/2018,35.0,V,40.88015461,73.84806012,10469.0,10469
494,449.0,BRONX,27T,50.0,6/20/2018,27.0,T,40.86130382,73.85524703,10469.0,10469
495,435.0,BRONX,26S,60.0,6/20/2018,26.0,S,40.85883066,73.85926784,10469.0,10469
496,461.0,BRONX,28S,60.0,6/20/2018,28.0,S,40.86346548,73.85955275,10469.0,10469
497,481.0,BRONX,30U,65.0,6/20/2018,30.0,U,40.8684118,73.85151112,10469.0,10469
498,531.0,BRONX,34U,70.0,6/20/2018,34.0,U,40.87768145,73.85208093,10469.0,10469
499,519.0,BRONX,33V,95.0,6/20/2018,33.0,V,40.87551979,73.84777522,10469.0,10469
500,493.0,BRONX,31U,100.0,6/20/2018,31.0,U,40.87072921,73.85165358,10469.0,10469
501,448.0,BRONX,27S,105.0,6/20/2018,27.0,S,40.86114807,73.85941029,10469.0,10469
502,518.0,BRONX,33U,110.0,6/20/2018,33.0,U,40.87536404,73.85193848,10469.0,10469
503,492.0,BRONX,31T,140.0,6/20/2018,31.0,T,40.87057346,73.85581684,10469.0,10469
504,532.0,BRONX,34V,140.0,6/20/2018,34.0,V,40.8778372,73.84791767,10469.0,10469
505,450.0,BRONX,27U,200.0,6/20/2018,27.0,U,40.86145956,73.85108376,10469.0,10469
506,388.0,BRONX,23V,425.0,6/20/2018,23.0,V,40.85234566,73.84635069,10469.0,10469
507,333.0,BRONX,20V,430.0,6/20/2018,20.0,V,40.84539343,73.84592333,10469.0,10469
508,600.0,BRONX,42S,55.0,6/20/2018,42.0,S,40.89590925,73.86154709,10470.0,10470
509,612.0,BRONX,47G,10.0,6/20/2018,47.0,G,40.90562733,73.91221854,10471.0,10471
510,605.0,BRONX,44J,15.0,6/20/2018,44.0,J,40.89914234,73.89930139,10471.0,10471
511,602.0,BRONX,43G,20.0,6/20/2018,43.0,G,40.89635768,73.91164873,10471.0,10471
512,608.0,BRONX,45J,20.0,6/20/2018,45.0,J,40.90145975,73.89944384,10471.0,10471
513,586.0,BRONX,40E,25.0,6/20/2018,40.0,E,40.88909395,73.9195479,10471.0,10471
514,599.0,BRONX,42J,40.0,6/20/2018,42.0,J,40.89450752,73.89901648,10471.0,10471
515,619.0,BRONX,49J,40.0,6/20/2018,49.0,J,40.9107294,73.90001365,10471.0,10471
516,610.0,BRONX,46I,45.0,6/20/2018,46.0,I,40.90362142,73.90374956,10471.0,10471
517,603.0,BRONX,43H,50.0,6/20/2018,43.0,H,40.89651343,73.90748546,10471.0,10471
518,598.0,BRONX,42G,60.0,6/20/2018,42.0,G,40.89404027,73.91150628,10471.0,10471
519,604.0,BRONX,43J,65.0,6/20/2018,43.0,J,40.89682493,73.89915893,10471.0,10471
520,617.0,BRONX,48J,80.0,6/20/2018,48.0,J,40.90841199,73.8998712,10471.0,10471
521,589.0,BRONX,40H,85.0,6/20/2018,40.0,H,40.8895612,73.9070581,10471.0,10471
522,606.0,BRONX,45H,90.0,6/20/2018,45.0,H,40.90114826,73.90777037,10471.0,10471
523,616.0,BRONX,48H,90.0,6/20/2018,48.0,H,40.90810049,73.90819773,10471.0,10471
524,611.0,BRONX,46J,105.0,6/20/2018,46.0,J,40.90377717,73.89958629,10471.0,10471
525,614.0,BRONX,47I,105.0,6/20/2018,47.0,I,40.90593883,73.90389201,10471.0,10471
526,615.0,BRONX,47J,105.0,6/20/2018,47.0,J,40.90609458,73.89972874,10471.0,10471
527,609.0,BRONX,46H,120.0,6/20/2018,46.0,H,40.90346567,73.90791282,10471.0,10471
528,595.0,BRONX,41J,145.0,6/20/2018,41.0,J,40.8921901,73.89887403,10471.0,10471
529,613.0,BRONX,47H,165.0,6/20/2018,47.0,H,40.90578308,73.90805528,10471.0,10471
530,583.0,BRONX,39I,180.0,6/20/2018,39.0,I,40.88739953,73.90275239,10471.0,10471
531,594.0,BRONX,41G,190.0,6/20/2018,41.0,G,40.89172286,73.91136382,10471.0,10471
532,607.0,BRONX,45I,190.0,6/20/2018,45.0,I,40.90130401,73.9036071,10471.0,10471
533,618.0,BRONX,49H,400.0,6/20/2018,49.0,H,40.91041791,73.90834018,10471.0,10471
534,210.0,BRONX,14S,85.0,6/20/2018,14.0,S,40.83102171,73.8575584,10472.0,10472
535,208.0,BRONX,14Q,110.0,6/20/2018,14.0,Q,40.83071021,73.86588494,10472.0,10472
536,167.0,BRONX,12P,115.0,6/20/2018,12.0,P,40.82591964,73.86976329,10472.0,10472
537,211.0,BRONX,14T,140.0,6/20/2018,14.0,T,40.83117746,73.85339514,10472.0,10472
538,192.0,BRONX,13U,155.0,6/20/2018,13.0,U,40.82901579,73.84908942,10472.0,10472
539,251.0,BRONX,16P,160.0,6/20/2018,16.0,P,40.83518929,73.87033311,10472.0,10472
540,170.0,BRONX,12S,165.0,6/20/2018,12.0,S,40.82638688,73.8572735,10472.0,10472
541,191.0,BRONX,13T,165.0,6/20/2018,13.0,T,40.82886004,73.85325269,10472.0,10472
542,228.0,BRONX,15O,170.0,6/20/2018,15.0,O,40.83271613,73.87435392,10472.0,10472
543,230.0,BRONX,15Q,185.0,6/20/2018,15.0,Q,40.83302762,73.86602739,10472.0,10472
544,205.0,BRONX,14N,200.0,6/20/2018,14.0,N,40.83024297,73.87837473,10472.0,10472
545,189.0,BRONX,13R,230.0,6/20/2018,13.0,R,40.82854855,73.86157922,10472.0,10472
546,166.0,BRONX,12O,265.0,6/20/2018,12.0,O,40.82576389,73.87392656,10472.0,10472
547,188.0,BRONX,13Q,285.0,6/20/2018,13.0,Q,40.8283928,73.86574248,10472.0,10472
548,190.0,BRONX,13S,290.0,6/20/2018,13.0,S,40.8287043,73.85741595,10472.0,10472
549,249.0,BRONX,16N,295.0,6/20/2018,16.0,N,40.83487779,73.87865964,10472.0,10472
550,207.0,BRONX,14P,310.0,6/20/2018,14.0,P,40.83055446,73.8700482,10472.0,10472
551,187.0,BRONX,13P,340.0,6/20/2018,13.0,P,40.82823705,73.86990575,10472.0,10472
552,60.0,BRONX,7I,345.0,6/20/2018,7.0,I,40.81324234,73.89819389,10472.0,10472
553,209.0,BRONX,14R,345.0,6/20/2018,14.0,R,40.83086596,73.86172167,10472.0,10472
554,229.0,BRONX,15P,355.0,6/20/2018,15.0,P,40.83287188,73.87019065,10472.0,10472
555,185.0,BRONX,13M,410.0,6/20/2018,13.0,M,40.82776981,73.88239554,10472.0,10472
556,169.0,BRONX,12R,430.0,6/20/2018,12.0,R,40.82623114,73.86143676,10472.0,10472
557,164.0,BRONX,12M,440.0,6/20/2018,12.0,M,40.82545239,73.88225309,10472.0,10472
558,168.0,BRONX,12Q,450.0,6/20/2018,12.0,Q,40.82607539,73.86560003,10472.0,10472
559,250.0,BRONX,16O,460.0,6/20/2018,16.0,O,40.83503354,73.87449637,10472.0,10472
560,206.0,BRONX,14O,575.0,6/20/2018,14.0,O,40.83039872,73.87421147,10472.0,10472
561,165.0,BRONX,12N,585.0,6/20/2018,12.0,N,40.82560814,73.87808983,10472.0,10472
562,186.0,BRONX,13N,700.0,6/20/2018,13.0,N,40.82792555,73.87823228,10472.0,10472
563,99.0,BRONX,9S,40.0,6/20/2018,9.0,S,40.81943465,73.85684614,10473.0,10473
564,97.0,BRONX,9Q,45.0,6/20/2018,9.0,Q,40.81912315,73.86517267,10473.0,10473
565,66.0,BRONX,7Q,50.0,6/20/2018,7.0,Q,40.81448833,73.86488776,10473.0,10473
566,171.0,BRONX,12T,50.0,6/20/2018,12.0,T,40.82654263,73.85311023,10473.0,10473
567,98.0,BRONX,9R,100.0,6/20/2018,9.0,R,40.8192789,73.8610094,10473.0,10473
568,123.0,BRONX,10R,120.0,6/20/2018,10.0,R,40.82159631,73.86115186,10473.0,10473
569,125.0,BRONX,10T,145.0,6/20/2018,10.0,T,40.82190781,73.85282533,10473.0,10473
570,120.0,BRONX,10O,150.0,6/20/2018,10.0,O,40.82112907,73.87364165,10473.0,10473
571,149.0,BRONX,11T,150.0,6/20/2018,11.0,T,40.82422522,73.85296778,10473.0,10473
572,79.0,BRONX,8P,175.0,6/20/2018,8.0,P,40.81664999,73.86919348,10473.0,10473
573,96.0,BRONX,9P,180.0,6/20/2018,9.0,P,40.8189674,73.86933594,10473.0,10473
574,118.0,BRONX,10M,195.0,6/20/2018,10.0,M,40.82081757,73.88196819,10473.0,10473
575,227.0,BRONX,15N,195.0,6/20/2018,15.0,N,40.83256038,73.87851718,10473.0,10473
576,144.0,BRONX,11O,240.0,6/20/2018,11.0,O,40.82344648,73.87378411,10473.0,10473
577,80.0,BRONX,8Q,243.0,6/20/2018,8.0,Q,40.81680574,73.86503022,10473.0,10473
578,121.0,BRONX,10P,245.0,6/20/2018,10.0,P,40.82128481,73.86947839,10473.0,10473
579,122.0,BRONX,10Q,255.0,6/20/2018,10.0,Q,40.82144056,73.86531512,10473.0,10473
580,148.0,BRONX,11S,255.0,6/20/2018,11.0,S,40.82406947,73.85713105,10473.0,10473
581,124.0,BRONX,10S,275.0,6/20/2018,10.0,S,40.82175206,73.85698859,10473.0,10473
582,145.0,BRONX,11P,290.0,6/20/2018,11.0,P,40.82360223,73.86962084,10473.0,10473
583,119.0,BRONX,10N,305.0,6/20/2018,10.0,N,40.82097332,73.87780492,10473.0,10473
584,143.0,BRONX,11N,350.0,6/20/2018,11.0,N,40.82329073,73.87794737,10473.0,10473
585,100.0,BRONX,9T,360.0,6/20/2018,9.0,T,40.8195904,73.85268287,10473.0,10473
586,147.0,BRONX,11R,370.0,6/20/2018,11.0,R,40.82391372,73.86129431,10473.0,10473
587,101.0,BRONX,9U,440.0,6/20/2018,9.0,U,40.81974614,73.84851961,10473.0,10473
588,146.0,BRONX,11Q,495.0,6/20/2018,11.0,Q,40.82375798,73.86545758,10473.0,10473
589,142.0,BRONX,11M,10.0,6/20/2018,11.0,M,40.82313498,73.88211064,10474.0,10474
590,13.0,BRONX,3L,20.0,6/20/2018,3.0,L,40.80443994,73.88513428,10474.0,10474
591,14.0,BRONX,3M,50.0,6/20/2018,3.0,M,40.80459568,73.88097101,10474.0,10474
592,116.0,BRONX,10K,50.0,6/20/2018,10.0,K,40.82050607,73.89029472,10474.0,10474
593,37.0,BRONX,5M,60.0,6/20/2018,5.0,M,40.80923051,73.88125592,10474.0,10474
594,51.0,BRONX,6O,70.0,6/20/2018,6.0,O,40.81185942,73.87307184,10474.0,10474
595,16.0,BRONX,3O,75.0,6/20/2018,3.0,O,40.80490718,73.87264448,10474.0,10474
596,34.0,BRONX,5I,75.0,6/20/2018,5.0,I,40.80860752,73.89790898,10474.0,10474
597,63.0,BRONX,7L,95.0,6/20/2018,7.0,L,40.81370958,73.88570409,10474.0,10474
598,36.0,BRONX,5L,110.0,6/20/2018,5.0,L,40.80907476,73.88541919,10474.0,10474
599,94.0,BRONX,9L,110.0,6/20/2018,9.0,L,40.81834441,73.885989,10474.0,10474
600,7.0,BRONX,2O,125.0,6/20/2018,2.0,O,40.80258977,73.87250203,10474.0,10474
601,24.0,BRONX,4K,125.0,6/20/2018,4.0,K,40.8066016,73.88944,10474.0,10474
602,95.0,BRONX,9M,130.0,6/20/2018,9.0,M,40.81850016,73.88182573,10474.0,10474
603,49.0,BRONX,6L,140.0,6/20/2018,6.0,L,40.81139217,73.88556164,10474.0,10474
604,47.0,BRONX,6J,180.0,6/20/2018,6.0,J,40.81108068,73.89388817,10474.0,10474
605,25.0,BRONX,4L,190.0,6/20/2018,4.0,L,40.80675735,73.88527673,10474.0,10474
606,93.0,BRONX,9K,210.0,6/20/2018,9.0,K,40.81818866,73.89015226,10474.0,10474
607,61.0,BRONX,7J,235.0,6/20/2018,7.0,J,40.81339809,73.89403062,10474.0,10474
608,77.0,BRONX,8K,285.0,6/20/2018,8.0,K,40.81587125,73.89000981,10474.0,10474
609,38.0,BRONX,5O,300.0,6/20/2018,5.0,O,40.80954201,73.87292939,10474.0,10474
610,62.0,BRONX,7K,360.0,6/20/2018,7.0,K,40.81355384,73.88986736,10474.0,10474
611,78.0,BRONX,8L,385.0,6/20/2018,8.0,L,40.816027,73.88584654,10474.0,10474
612,117.0,BRONX,10L,405.0,6/20/2018,10.0,L,40.82066182,73.88613145,10474.0,10474
613,50.0,BRONX,6M,475.0,6/20/2018,6.0,M,40.81154792,73.88139837,10474.0,10474
614,65.0,BRONX,7N,500.0,6/20/2018,7.0,N,40.81402108,73.87737756,10474.0,10474
615,15.0,BRONX,3N,625.0,6/20/2018,3.0,N,40.80475143,73.87680775,10474.0,10474
616,35.0,BRONX,5J,665.0,6/20/2018,5.0,J,40.80876326,73.89374572,10474.0,10474
617,48.0,BRONX,6K,675.0,6/20/2018,6.0,K,40.81123642,73.8897249,10474.0,10474
618,64.0,BRONX,7M,1020.0,6/20/2018,7.0,M,40.81386533,73.88154083,10474.0,10474
